Workbook

Sheet Summary 1220_vs帝京
D3: 筑波大学 | I3: 0 | K3: - | M3: 36 | O3: 帝京大学 | U3: 12月20日 | Y3: 秩父宮ラグビー場 | AC3: 11:30 Kick Off | AG3: 大澤昂平
D5: Contact AT STATS | U5: Contact DF STATS
D7: Team Stats | U7: Team Stats
D9: ゲイン | J9: 継続 | P9: B2 | U9: タックル | Y9: Defeat | AC9: Contest | AG9: ゲイン
E14: =E17 -> 5 | F14: =G17-E17 -> 33 | K14: =K17 -> 43 | L14: =M17-K17 -> 14 | Q14: =Q17 -> 13 | R14: =S17-Q17 -> 32 | V14: =V17 -> 155 | W14: =X17-V17 -> 38 | Z14: =Z17 -> 10 | AA14: =AB17-Z17 -> 183 | AD14: =AD17 -> 43 | AE14: =AF17-AD17 -> 35 | AH14: =AH17 -> 12 | AI14: =AJ17-AH17 -> 30
D16: =E17/G17 -> 0.13157895 | J16: =K17/M17 -> 0.75438596 | P16: =Q17/S17 -> 0.28888889 | U16: =V17/X17 -> 0.80310881 | Y16: =Z17/AB17 -> 0.051813472 | AC16: =AD17/AF17 -> 0.55128205 | AG16: =AH17/AJ17 -> 0.28571429
D17: 成功 | E17: =J22+M22+P22 -> 5 | F17: 母数 | G17: =J23+M23+P23 -> 38 | J17: 成功 | K17: =J26+M26+P26+S26 -> 43 | L17: 母数 | M17: =J27+M27+P27+S27 -> 57 | P17: 成功 | Q17: 13 | R17: 母数 | S17: 45 | U17: 成功 | V17: ='Individual DF 1220_vs帝京'!K34+'Individual DF 1220_vs帝京'!L34+'Individual DF 1220_vs帝京'!T34+'Individual DF 1220_vs帝京'!U34 -> 155 | W17: 母数 | X17: ='Individual DF 1220_vs帝京'!G34 -> 193 | Y17: 成功 | Z17: ='Individual DF 1220_vs帝京'!K34+'Individual DF 1220_vs帝京'!T34 -> 10 | AA17: 母数 | AB17: ='Individual DF 1220_vs帝京'!G34 -> 193 | AC17: 成功 | AD17: 43 | AE17: 母数 | AF17: 78 | AG17: 成功 | AH17: 12 | AI17: 母数 | AJ17: 42
D19: Detail Stats | U19: Detail Stats
D21: ゲイン | H21: 9Shape | K21: 10Shape | N21: LineAttack | Q21: Line Atatack(1phase) | U21: タックル | Y21: FW | AB21: BK
G22: 成功 | H22: =J22/J23 -> 0.071428571 | J22: 2 | K22: =M22/M23 -> 0 | M22: 0 | N22: =P22/P23 -> 0.33333333 | P22: 3 | Q22: ー | S22: - | X22: 成功 | Y22: =AA22/AA23 -> 0.84545455 | AA22: ='Individual DF 1220_vs帝京'!K32+'Individual DF 1220_vs帝京'!L32+'Individual DF 1220_vs帝京'!T32+'Individual DF 1220_vs帝京'!U32 -> 93 | AB22: =AD22/AD23 -> 0.74698795 | AD22: ='Individual DF 1220_vs帝京'!K33+'Individual DF 1220_vs帝京'!L33+'Individual DF 1220_vs帝京'!T33+'Individual DF 1220_vs帝京'!U33 -> 62
G23: 母数 | J23: 28 | M23: 1 | P23: 9 | S23: - | X23: 母数 | AA23: ='Individual DF 1220_vs帝京'!G32 -> 110 | AD23: ='Individual DF 1220_vs帝京'!G33 -> 83
D25: 継続 | H25: 9Shape | K25: 10Shape | N25: LineAttack | Q25: Line Atatack(1phase) | U25: Defeat | Y25: FW | AB25: BK
G26: 成功 | H26: =J26/J27 -> 0.96428571 | J26: 27 | K26: =M26/M27 -> 1 | M26: 1 | N26: =P26/P27 -> 0.33333333 | P26: 3 | Q26: =S26/S27 -> 0.63157895 | S26: 12 | X26: 成功 | Y26: =AA26/AA27 -> 0.054545455 | AA26: ='Individual DF 1220_vs帝京'!K32+'Individual DF 1220_vs帝京'!T32 -> 6 | AB26: =AD26/AD27 -> 0.048192771 | AD26: ='Individual DF 1220_vs帝京'!K33+'Individual DF 1220_vs帝京'!T33 -> 4
G27: 母数 | J27: 28 | M27: 1 | P27: 9 | S27: 19 | X27: 母数 | AA27: ='Individual DF 1220_vs帝京'!G32 -> 110 | AD27: ='Individual DF 1220_vs帝京'!G33 -> 83
D29: B2,3 | H29: B3 | K29: B2 | N29: - | Q29: -
G30: 成功 | H30: =J30/J31 -> 0.62222222 | J30: 28 | K30: =M30/M31 -> 0.28888889 | M30: 13 | N30: - | P30: - | Q30: - | S30: -
G31: 母数 | J31: 45 | M31: 45 | P31: - | S31: -
D34: Set Play Stats
D36: SC Stats | U36: LO Stats
D38: SC | L38: SC マイボールキープ率 | U38: LO | AC38: LO マイボールキープ率
H39: =D3 -> 筑波大学 | J39: ='Set 1220_vs帝京'!C7 -> 6 | L39: =D3 -> 筑波大学 | P39: =O3 -> 帝京大学 | Y39: =D3 -> 筑波大学 | AA39: ='Set 1220_vs帝京'!C11 -> 19 | AC39: =D3 -> 筑波大学 | AG39: =O3 -> 帝京大学
L41: ='Set 1220_vs帝京'!D7 -> 1 | P41: ='Set 1220_vs帝京'!D17 -> 0.875 | AC41: ='Set 1220_vs帝京'!D11 -> 0.68421053 | AG41: ='Set 1220_vs帝京'!D21 -> 0.55555556
H42: =O3 -> 帝京大学 | J42: ='Set 1220_vs帝京'!C17 -> 8 | Y42: =O3 -> 帝京大学 | AA42: ='Set 1220_vs帝京'!C21 -> 18
E43: =J39 -> 6 | F43: =J42 -> 8 | V43: =AA39 -> 19 | W43: =AA42 -> 18
H45: Total | J45: =J39+J42 -> 14 | Y45: Total | AA45: =AA39+AA42 -> 37
D46: =J39/J45 -> 0.42857143 | U46: =AA39/AA45 -> 0.51351351

Sheet Individual DF 1220_vs帝京
B2: vs | C2: ='Summary 1220_vs帝京'!O3 -> 帝京大学 | F2: Individual DF Stats | V2: 分析担当 | Z2: Tackle | AB2: 久留創・米倉杏
B4: Team Stats | E4: 総タックル | H4: =G34 -> 193 | J4: Defeat成功率 | M4: =(K34+T34)/G34 -> 0.051813472 | O4: タックル成功率 | R4: =SUM(K34:L34,T34:U34)/G34 -> 0.80310881 | U4: リアクション | X4: 1st | AA4: =SUM(O34:P34)/SUM(K34:L34) -> 0.69767442 | AB4: Assist | AE4: =SUM(X32:Y32)/SUM(T32:U32) -> 0.73333333
I6: 1st Tackle | N6: 1st Tackle Reaction | R6: Assist Tackle | W6: Assist Tackle Reaction | AA6: BD Works
D7: 出場時間 | E7: プレー総数 | F7: プレー換算値 | G7: タックル数 | H7: ％ | I7: 合計 | J7: ％ | K7: ◎ Defeat | L7: ○ 倒す | M7: × 失敗 | N7: % | O7: ファイト | P7: リロード | Q7: × | R7: 合計 | S7: ％ | T7: ◎ Defeat | U7: ○ 倒す | V7: × 失敗 | W7: % | X7: ファイト | Y7: リロード | Z7: × | AA7: 合計 | AB7: % | AC7: Jackal,Jerk | AD7: Pressure | AE7: BD Work × | AF7: 選手名
B8: 1 | C8: 湯浅大心 | D8: 77 | E8: =G8+AA8+'Individual AT 1220_vs帝京'!G8+'Individual AT 1220_vs帝京'!N8 -> 26 | F8: =IFERROR(E8/D8*80,"-") -> 27.012987 | G8: =I8+R8 -> 16 | H8: =IFERROR((K8+L8+T8+U8)/G8,"-") -> 0.6875 | I8: =SUM(K8:M8) -> 11 | J8: =IFERROR((K8+L8)/I8,"-") -> 0.63636364 | K8: 0 | L8: 7 | M8: 4 | N8: =IFERROR((O8+P8)/I8,"-") -> 0.45454545 | O8: 0 | P8: 5 | Q8: 2 | R8: =SUM(T8:V8) -> 5 | S8: =IFERROR((T8+U8)/R8,"-") -> 0.8 | T8: 0 | U8: 4 | V8: 1 | W8: =IFERROR((X8+Y8)/R8,"-") -> 0.6 | X8: 0 | Y8: 3 | Z8: 1 | AA8: 0 | AB8: =IFERROR((AC8+AD8)/AA8,"-") -> - | AC8: 2 | AD8: 0 | AE8: 1 | AF8: =C8 -> 湯浅大心
B9: 2 | C9: 前川陽来 | D9: 18 | E9: =G9+AA9+'Individual AT 1220_vs帝京'!G9+'Individual AT 1220_vs帝京'!N9 -> 8 | F9: =IFERROR(E9/D9*80,"-") -> 35.555556 | G9: =I9+R9 -> 7 | H9: =IFERROR((K9+L9+T9+U9)/G9,"-") -> 0.85714286 | I9: =SUM(K9:M9) -> 5 | J9: =IFERROR((K9+L9)/I9,"-") -> 0.8 | K9: 0 | L9: 4 | M9: 1 | N9: =IFERROR((O9+P9)/I9,"-") -> 0.4 | O9: 1 | P9: 1 | Q9: 2 | R9: =SUM(T9:V9) -> 2 | S9: =IFERROR((T9+U9)/R9,"-") -> 1 | T9: 0 | U9: 2 | V9: 0 | W9: =IFERROR((X9+Y9)/R9,"-") -> 0.5 | X9: 0 | Y9: 1 | Z9: 1 | AA9: =SUM(AC9:AE9) -> 0 | AB9: =IFERROR((AC9+AD9)/AA9,"-") -> - | AC9: 0 | AD9: 0 | AE9: 0 | AF9: =C9 -> 前川陽来
B10: 3 | C10: 茨木海斗 | D10: 81 | E10: =G10+AA10+'Individual AT 1220_vs帝京'!G10+'Individual AT 1220_vs帝京'!N10 -> 32 | F10: =IFERROR(E10/D10*80,"-") -> 31.604938 | G10: =I10+R10 -> 15 | H10: =IFERROR((K10+L10+T10+U10)/G10,"-") -> 0.93333333 | I10: =SUM(K10:M10) -> 6 | J10: =IFERROR((K10+L10)/I10,"-") -> 0.83333333 | K10: 2 | L10: 3 | M10: 1 | N10: =IFERROR((O10+P10)/I10,"-") -> 0.66666667 | O10: 3 | P10: 1 | Q10: 1 | R10: =SUM(T10:V10) -> 9 | S10: =IFERROR((T10+U10)/R10,"-") -> 1 | T10: 0 | U10: 9 | V10: 0 | W10: =IFERROR((X10+Y10)/R10,"-") -> 0.55555556 | X10: 5 | Y10: 0 | Z10: 4 | AA10: =SUM(AC10:AE10) -> 4 | AB10: =IFERROR((AC10+AD10)/AA10,"-") -> 0.75 | AC10: 1 | AD10: 2 | AE10: 1 | AF10: =C10 -> 茨木海斗
B11: 4 | C11: 磯部俊太朗 | D11: 81 | E11: =G11+AA11+'Individual AT 1220_vs帝京'!G11+'Individual AT 1220_vs帝京'!N11 -> 39 | F11: =IFERROR(E11/D11*80,"-") -> 38.518519 | G11: =I11+R11 -> 15 | H11: =IFERROR((K11+L11+T11+U11)/G11,"-") -> 0.73333333 | I11: =SUM(K11:M11) -> 8 | J11: =IFERROR((K11+L11)/I11,"-") -> 0.5 | K11: 0 | L11: 4 | M11: 4 | N11: =IFERROR((O11+P11)/I11,"-") -> 0.375 | O11: 0 | P11: 3 | Q11: 1 | R11: =SUM(T11:V11) -> 7 | S11: =IFERROR((T11+U11)/R11,"-") -> 1 | T11: 0 | U11: 7 | V11: 0 | W11: =IFERROR((X11+Y11)/R11,"-") -> 0.85714286 | X11: 3 | Y11: 3 | Z11: 1 | AA11: =SUM(AC11:AE11) -> 2 | AB11: =IFERROR((AC11+AD11)/AA11,"-") -> 0.5 | AC11: 1 | AD11: 0 | AE11: 1 | AF11: =C11 -> 磯部俊太朗
B12: 5 | C12: 白丸智乃祐 | D12: 81 | E12: =G12+AA12+'Individual AT 1220_vs帝京'!G12+'Individual AT 1220_vs帝京'!N12 -> 35 | F12: =IFERROR(E12/D12*80,"-") -> 34.567901 | G12: =I12+R12 -> 9 | H12: =IFERROR((K12+L12+T12+U12)/G12,"-") -> 0.88888889 | I12: =SUM(K12:M12) -> 5 | J12: =IFERROR((K12+L12)/I12,"-") -> 0.8 | K12: 0 | L12: 4 | M12: 1 | N12: =IFERROR((O12+P12)/I12,"-") -> 0.6 | O12: 0 | P12: 3 | Q12: 1 | R12: =SUM(T12:V12) -> 4 | S12: =IFERROR((T12+U12)/R12,"-") -> 1 | T12: 1 | U12: 3 | V12: 0 | W12: =IFERROR((X12+Y12)/R12,"-") -> 0.75 | X12: 2 | Y12: 1 | Z12: 1 | AA12: =SUM(AC12:AE12) -> 7 | AB12: =IFERROR((AC12+AD12)/AA12,"-") -> 0.71428571 | AC12: 1 | AD12: 4 | AE12: 2 | AF12: =C12 -> 白丸智乃祐
B13: 6 | C13: 茨木颯 | D13: 81 | E13: =G13+AA13+'Individual AT 1220_vs帝京'!G13+'Individual AT 1220_vs帝京'!N13 -> 30 | F13: =IFERROR(E13/D13*80,"-") -> 29.62963 | G13: =I13+R13 -> 6 | H13: =IFERROR((K13+L13+T13+U13)/G13,"-") -> 0.83333333 | I13: =SUM(K13:M13) -> 4 | J13: =IFERROR((K13+L13)/I13,"-") -> 0.75 | K13: 0 | L13: 3 | M13: 1 | N13: =IFERROR((O13+P13)/I13,"-") -> 0.25 | O13: 1 | P13: 0 | Q13: 2 | R13: =SUM(T13:V13) -> 2 | S13: =IFERROR((T13+U13)/R13,"-") -> 1 | T13: 0 | U13: 2 | V13: 0 | W13: =IFERROR((X13+Y13)/R13,"-") -> 0.5 | X13: 1 | Y13: 0 | Z13: 1 | AA13: =SUM(AC13:AE13) -> 4 | AB13: =IFERROR((AC13+AD13)/AA13,"-") -> 1 | AC13: 1 | AD13: 3 | AE13: 0 | AF13: =C13 -> 茨木颯
B14: 7 | C14: 中森真翔 | D14: 77 | E14: =G14+AA14+'Individual AT 1220_vs帝京'!G14+'Individual AT 1220_vs帝京'!N14 -> 16 | F14: =IFERROR(E14/D14*80,"-") -> 16.623377 | G14: =I14+R14 -> 10 | H14: =IFERROR((K14+L14+T14+U14)/G14,"-") -> 0.8 | I14: =SUM(K14:M14) -> 7 | J14: =IFERROR((K14+L14)/I14,"-") -> 0.71428571 | K14: 1 | L14: 4 | M14: 2 | N14: =IFERROR((O14+P14)/I14,"-") -> 0.42857143 | O14: 0 | P14: 3 | Q14: 2 | R14: =SUM(T14:V14) -> 3 | S14: =IFERROR((T14+U14)/R14,"-") -> 1 | T14: 0 | U14: 3 | V14: 0 | W14: =IFERROR((X14+Y14)/R14,"-") -> 0.66666667 | X14: 2 | Y14: 0 | Z14: 1 | AA14: =SUM(AC14:AE14) -> 2 | AB14: =IFERROR((AC14+AD14)/AA14,"-") -> 0.5 | AC14: 0 | AD14: 1 | AE14: 1 | AF14: =C14 -> 中森真翔
B15: 8 | C15: 大町尚生 | D15: 52 | E15: =G15+AA15+'Individual AT 1220_vs帝京'!G15+'Individual AT 1220_vs帝京'!N15 -> 21 | F15: =IFERROR(E15/D15*80,"-") -> 32.307692 | G15: =I15+R15 -> 11 | H15: =IFERROR((K15+L15+T15+U15)/G15,"-") -> 0.90909091 | I15: =SUM(K15:M15) -> 5 | J15: =IFERROR((K15+L15)/I15,"-") -> 0.8 | K15: 0 | L15: 4 | M15: 1 | N15: =IFERROR((O15+P15)/I15,"-") -> 0.6 | O15: 0 | P15: 3 | Q15: 1 | R15: =SUM(T15:V15) -> 6 | S15: =IFERROR((T15+U15)/R15,"-") -> 1 | T15: 0 | U15: 6 | V15: 0 | W15: =IFERROR((X15+Y15)/R15,"-") -> 1 | X15: 2 | Y15: 4 | Z15: 0 | AA15: =SUM(AC15:AE15) -> 4 | AB15: =IFERROR((AC15+AD15)/AA15,"-") -> 0.5 | AC15: 0 | AD15: 2 | AE15: 2 | AF15: =C15 -> 大町尚生
B16: 9 | C16: 高橋佑太朗 | D16: 6 | E16: =G16+AA16+'Individual AT 1220_vs帝京'!G16+'Individual AT 1220_vs帝京'!N16 -> 2 | F16: =IFERROR(E16/D16*80,"-") -> 26.666667 | G16: =I16+R16 -> 1 | H16: =IFERROR((K16+L16+T16+U16)/G16,"-") -> 1 | I16: =SUM(K16:M16) -> 1 | J16: =IFERROR((K16+L16)/I16,"-") -> 1 | K16: 0 | L16: 1 | M16: 0 | N16: =IFERROR((O16+P16)/I16,"-") -> 0 | O16: 0 | P16: 0 | Q16: 1 | R16: =SUM(T16:V16) -> 0 | S16: =IFERROR((T16+U16)/R16,"-") -> - | T16: 0 | U16: 0 | V16: 0 | W16: =IFERROR((X16+Y16)/R16,"-") -> - | X16: 0 | Y16: 0 | Z16: 0 | AA16: =SUM(AC16:AE16) -> 1 | AB16: =IFERROR((AC16+AD16)/AA16,"-") -> 0 | AC16: 0 | AD16: 0 | AE16: 1 | AF16: =C16 -> 高橋佑太朗
B17: 10 | C17: 楢本幹志朗 | D17: 81 | E17: =G17+AA17+'Individual AT 1220_vs帝京'!G17+'Individual AT 1220_vs帝京'!N17 -> 4 | F17: =IFERROR(E17/D17*80,"-") -> 3.9506173 | G17: =I17+R17 -> 1 | H17: =IFERROR((K17+L17+T17+U17)/G17,"-") -> 1 | I17: =SUM(K17:M17) -> 1 | J17: =IFERROR((K17+L17)/I17,"-") -> 1 | K17: 0 | L17: 1 | M17: 0 | N17: =IFERROR((O17+P17)/I17,"-") -> 0 | O17: 0 | P17: 0 | Q17: 1 | R17: =SUM(T17:V17) -> 0 | S17: =IFERROR((T17+U17)/R17,"-") -> - | T17: 0 | U17: 0 | V17: 0 | W17: =IFERROR((X17+Y17)/R17,"-") -> - | X17: 0 | Y17: 0 | Z17: 0 | AA17: =SUM(AC17:AE17) -> 1 | AB17: =IFERROR((AC17+AD17)/AA17,"-") -> 0 | AC17: 0 | AD17: 0 | AE17: 1 | AF17: =C17 -> 楢本幹志朗
B18: 11 | C18: 内田慎之甫 | D18: 81 | E18: =G18+AA18+'Individual AT 1220_vs帝京'!G18+'Individual AT 1220_vs帝京'!N18 -> 11 | F18: =IFERROR(E18/D18*80,"-") -> 10.864198 | G18: =I18+R18 -> 9 | H18: =IFERROR((K18+L18+T18+U18)/G18,"-") -> 0.77777778 | I18: =SUM(K18:M18) -> 8 | J18: =IFERROR((K18+L18)/I18,"-") -> 0.75 | K18: 1 | L18: 5 | M18: 2 | N18: =IFERROR((O18+P18)/I18,"-") -> 0.625 | O18: 0 | P18: 5 | Q18: 1 | R18: =SUM(T18:V18) -> 1 | S18: =IFERROR((T18+U18)/R18,"-") -> 1 | T18: 0 | U18: 1 | V18: 0 | W18: =IFERROR((X18+Y18)/R18,"-") -> 1 | X18: 1 | Y18: 0 | Z18: 0 | AA18: =SUM(AC18:AE18) -> 0 | AB18: =IFERROR((AC18+AD18)/AA18,"-") -> - | AC18: 0 | AD18: 0 | AE18: 0 | AF18: =C18 -> 内田慎之甫
B19: 12 | C19: 大内田陽冬 | D19: 70 | E19: =G19+AA19+'Individual AT 1220_vs帝京'!G19+'Individual AT 1220_vs帝京'!N19 -> 21 | F19: =IFERROR(E19/D19*80,"-") -> 24 | G19: =I19+R19 -> 14 | H19: =IFERROR((K19+L19+T19+U19)/G19,"-") -> 0.92857143 | I19: =SUM(K19:M19) -> 5 | J19: =IFERROR((K19+L19)/I19,"-") -> 0.8 | K19: 0 | L19: 4 | M19: 1 | N19: =IFERROR((O19+P19)/I19,"-") -> 0.6 | O19: 2 | P19: 1 | Q19: 1 | R19: =SUM(T19:V19) -> 9 | S19: =IFERROR((T19+U19)/R19,"-") -> 1 | T19: 1 | U19: 8 | V19: 0 | W19: =IFERROR((X19+Y19)/R19,"-") -> 0.66666667 | X19: 3 | Y19: 3 | Z19: 3 | AA19: =SUM(AC19:AE19) -> 1 | AB19: =IFERROR((AC19+AD19)/AA19,"-") -> 1 | AC19: 1 | AD19: 0 | AE19: 0 | AF19: =C19 -> 大内田陽冬
B20: 13 | C20: 東島和哉 | D20: 81 | E20: =G20+AA20+'Individual AT 1220_vs帝京'!G20+'Individual AT 1220_vs帝京'!N20 -> 27 | F20: =IFERROR(E20/D20*80,"-") -> 26.666667 | G20: =I20+R20 -> 18 | H20: =IFERROR((K20+L20+T20+U20)/G20,"-") -> 0.66666667 | I20: =SUM(K20:M20) -> 13 | J20: =IFERROR((K20+L20)/I20,"-") -> 0.61538462 | K20: 1 | L20: 7 | M20: 5 | N20: =IFERROR((O20+P20)/I20,"-") -> 0.46153846 | O20: 0 | P20: 6 | Q20: 2 | R20: =SUM(T20:V20) -> 5 | S20: =IFERROR((T20+U20)/R20,"-") -> 0.8 | T20: 0 | U20: 4 | V20: 1 | W20: =IFERROR((X20+Y20)/R20,"-") -> 0.8 | X20: 1 | Y20: 3 | Z20: 0 | AA20: =SUM(AC20:AE20) -> 0 | AB20: =IFERROR((AC20+AD20)/AA20,"-") -> - | AC20: 0 | AD20: 0 | AE20: 0 | AF20: =C20 -> 東島和哉
... B30: 23 | C30: 林勇太 | D30: 0 | E30: =G30+AA30+'Individual AT 1220_vs帝京'!G30+'Individual AT 1220_vs帝京'!N30 -> 0 | F30: =IFERROR(E30/D30*80,"-") -> - | G30: =I30+R30 -> 0 | H30: =IFERROR((K30+L30+T30+U30)/G30,"-") -> - | I30: =SUM(K30:M30) -> 0 | J30: =IFERROR((K30+L30)/I30,"-") -> - | K30: 0 | L30: 0 | M30: 0 | N30: =IFERROR((O30+P30)/I30,"-") -> - | O30: 0 | P30: 0 | Q30: 0 | R30: =SUM(T30:V30) -> 0 | S30: =IFERROR((T30+U30)/R30,"-") -> - | T30: 0 | U30: 0 | V30: 0 | W30: =IFERROR((X30+Y30)/R30,"-") -> - | X30: 0 | Y30: 0 | Z30: 0 | AA30: =SUM(AC30:AE30) -> 0 | AB30: =IFERROR((AC30+AD30)/AA30,"-") -> - | AC30: 0 | AD30: 0 | AE30: 0 | AF30: =C30 -> 林勇太
B32: FW Total | G32: =SUM(G8:G15,G23:G27) -> 110 | I32: =SUM(I8:I15,I23:I27) -> 64 | J32: =SUM(K32:L32)/I32 -> 0.75 | K32: =SUM(K8:K15,K23:K27) -> 3 | L32: =SUM(L8:L15,L23:L27) -> 45 | M32: =SUM(M8:M15,M23:M27) -> 16 | N32: =SUM(O32:P32)/I32 -> 0.5 | O32: =SUM(O8:O15,O23:O27) -> 8 | P32: =SUM(P8:P15,P23:P27) -> 24 | Q32: =SUM(Q8:Q15,Q23:Q27) -> 16 | R32: =SUM(R8:R15,R23:R27) -> 46 | S32: =SUM(T32:U32)/R32 -> 0.97826087 | T32: =SUM(T8:T15,T23:T27) -> 3 | U32: =SUM(U8:U15,U23:U27) -> 42 | V32: =SUM(V8:V15,V23:V27) -> 1 | W32: =SUM(X32:Y32)/SUM(X32:Z32) -> 0.73333333 | X32: =SUM(X8:X15,X23:X27) -> 18 | Y32: =SUM(Y8:Y15,Y23:Y27) -> 15 | Z32: =SUM(Z8:Z15,Z23:Z27) -> 12 | AA32: =SUM(AA8:AA15,AA23:AA27) -> 29 | AB32: =SUM(AC32:AD32)/SUM(AC32:AE32) -> 0.6875 | AC32: =SUM(AC8:AC15,AC23:AC27) -> 8 | AD32: =SUM(AD8:AD15,AD23:AD27) -> 14 | AE32: =SUM(AE8:AE15,AE23:AE27) -> 10 | AF32: FW Total
B33: BK Total | G33: =SUM(G16:G22,G28:G30) -> 83 | I33: =SUM(I16:I22,I28:I30) -> 56 | J33: =SUM(K33:L33)/I33 -> 0.67857143 | K33: =SUM(K16:K22,K28:K30) -> 2 | L33: =SUM(L16:L22,L28:L30) -> 36 | M33: =SUM(M16:M22,M28:M30) -> 18 | N33: =SUM(O33:P33)/I33 -> 0.5 | O33: =SUM(O16:O22,O28:O30) -> 4 | P33: =SUM(P16:P22,P28:P30) -> 24 | Q33: =SUM(Q16:Q22,Q28:Q30) -> 10 | R33: =SUM(R16:R22,R28:R30) -> 27 | S33: =SUM(T33:U33)/R33 -> 0.88888889 | T33: =SUM(T16:T22,T28:T30) -> 2 | U33: =SUM(U16:U22,U28:U30) -> 22 | V33: =SUM(V16:V22,V28:V30) -> 3 | W33: =SUM(X33:Y33)/SUM(X33:Z33) -> 0.875 | X33: =SUM(X16:X22,X28:X30) -> 10 | Y33: =SUM(Y16:Y22,Y28:Y30) -> 11 | Z33: =SUM(Z16:Z22,Z28:Z30) -> 3 | AA33: =SUM(AA16:AA22,AA28:AA30) -> 11 | AB33: =SUM(AC33:AD33)/SUM(AC33:AE33) -> 0.63636364 | AC33: =SUM(AC16:AC22,AC28:AC30) -> 4 | AD33: =SUM(AD16:AD22,AD28:AD30) -> 3 | AE33: =SUM(AE16:AE22,AE28:AE30) -> 4 | AF33: BK Total
B34: Team Total | G34: =SUM(G8:G30) -> 193 | I34: =SUM(I8:I30) -> 120 | J34: =SUM(K34:L34)/I34 -> 0.71666667 | K34: =SUM(K8:K30) -> 5 | L34: =SUM(L8:L30) -> 81 | M34: =SUM(M8:M30) -> 34 | N34: =SUM(O34:P34)/I34 -> 0.5 | O34: =SUM(O8:O30) -> 12 | P34: =SUM(P8:P30) -> 48 | Q34: =SUM(Q8:Q30) -> 26 | R34: =SUM(R8:R30) -> 73 | S34: =SUM(T34:U34)/R34 -> 0.94520548 | T34: =SUM(T8:T30) -> 5 | U34: =SUM(U8:U30) -> 64 | V34: =SUM(V8:V30) -> 4 | W34: =SUM(X34:Y34)/SUM(X34:Z34) -> 0.7826087 | X34: =SUM(X8:X30) -> 28 | Y34: =SUM(Y8:Y30) -> 26 | Z34: =SUM(Z8:Z30) -> 15 | AA34: =SUM(AA8:AA30) -> 40 | AB34: =SUM(AC34:AD34)/SUM(AC34:AE34) -> 0.6744186 | AC34: =SUM(AC8:AC30) -> 12 | AD34: =SUM(AD8:AD30) -> 17 | AE34: =SUM(AE8:AE30) -> 14 | AF34: Team Total
B35: Team Average | G35: =AVERAGE(G8:G30) -> 8.3913043 | I35: =AVERAGE(I8:I30) -> 5.2173913 | K35: =AVERAGE(K8:K30) -> 0.2173913 | L35: =AVERAGE(L8:L30) -> 3.5217391 | M35: =AVERAGE(M8:M30) -> 1.4782609 | O35: =AVERAGE(O8:O30) -> 0.52173913 | P35: =AVERAGE(P8:P30) -> 2.0869565 | Q35: =AVERAGE(Q8:Q30) -> 1.1304348 | R35: =AVERAGE(R8:R30) -> 3.173913 | T35: =AVERAGE(T8:T30) -> 0.2173913 | U35: =AVERAGE(U8:U30) -> 2.7826087 | V35: =AVERAGE(V8:V30) -> 0.17391304 | X35: =AVERAGE(X8:X30) -> 1.2173913 | Y35: =AVERAGE(Y8:Y30) -> 1.1304348 | Z35: =AVERAGE(Z8:Z30) -> 0.65217391 | AA35: =AVERAGE(AA8:AA30) -> 1.7391304 | AC35: =AVERAGE(AC8:AC30) -> 0.52173913 | AD35: =AVERAGE(AD8:AD30) -> 0.73913043 | AE35: =AVERAGE(AE8:AE30) -> 0.60869565 | AF35: Team Average

Sheet Individual AT 1220_vs帝京
B2: vs | C2: ='Summary 1220_vs帝京'!O3 -> 帝京大学 | F2: Individual AT Stats | O2: 分析担当 | S2: 表 | Y2: B2,3 | AA2: 米倉杏
B4: Team Stats | E4: Body Ball Control | J4: =H34 -> 0.87037037 | N4: Support | R4: =O34 -> 0.94957983 | U4: B3 | X4: =T34 -> 0.86029412 | Z4: B2 | AC4: =Z34 -> 0.66423358
G6: Carrier Contact | N6: Support | S6: B3 | Y6: B2
D7: 出場時間 | E7: プレー総数 | F7: プレー換算値 | G7: 合計 | H7: Good/Stay ％ | I7: BB% | J7: Gain◎ | K7: Stay○ | L7: 後退△ | M7: Lost× | N7: 合計 | O7: ％ | P7: EXELLENT◎ | Q7: GOOD○ | R7: BAD× | S7: 合計 | T7: ％ | U7: Carrier○ | V7: Carrier× | W7: Support○ | X7: Support× | Y7: 合計 | Z7: ％ | AA7: Carrier○ | AB7: Carrier× | AC7: Support○ | AD7: Support× | AE7: 選手名
B8: 1 | C8: ='Individual DF 1220_vs帝京'!C8 -> 湯浅大心 | D8: ='Individual DF 1220_vs帝京'!D8 -> 77 | E8: ='Individual DF 1220_vs帝京'!E8 -> 26 | F8: ='Individual DF 1220_vs帝京'!F8 -> 27.012987 | G8: =SUM(J8:M8) -> 6 | H8: =IFERROR((J8+K8)/SUM(J8:M8),"-") -> 1 | I8: =IFERROR(SUM(J8:L8)/SUM(J8:M8),"-") -> 1 | J8: 0 | K8: 6 | L8: 0 | M8: 0 | N8: =SUM(P8:R8) -> 4 | O8: =IFERROR((P8+Q8)/N8,"-") -> 0.75 | P8: 0 | Q8: 3 | R8: 1 | S8: =SUM(U8:X8) -> 9 | T8: =IFERROR((U8+W8)/S8,"-") -> 0.44444444 | U8: 1 | V8: 5 | W8: 3 | X8: 0 | Y8: =SUM(AA8:AD8) -> 9 | Z8: =IFERROR((AA8+AC8)/Y8,"-") -> 0.44444444 | AA8: 1 | AB8: 5 | AC8: 3 | AD8: 0 | AE8: =C8 -> 湯浅大心
B9: 2 | C9: ='Individual DF 1220_vs帝京'!C9 -> 前川陽来 | D9: ='Individual DF 1220_vs帝京'!D9 -> 18 | E9: ='Individual DF 1220_vs帝京'!E9 -> 8 | F9: ='Individual DF 1220_vs帝京'!F9 -> 35.555556 | G9: =SUM(J9:M9) -> 0 | H9: =IFERROR((J9+K9)/SUM(J9:M9),"-") -> - | I9: =IFERROR(SUM(J9:L9)/SUM(J9:M9),"-") -> - | J9: 0 | K9: 0 | L9: 0 | M9: 0 | N9: =SUM(P9:R9) -> 1 | O9: =IFERROR((P9+Q9)/N9,"-") -> 1 | P9: 0 | Q9: 1 | R9: 0 | S9: =SUM(U9:X9) -> 1 | T9: =IFERROR((U9+W9)/S9,"-") -> 1 | U9: 0 | V9: 0 | W9: 1 | X9: 0 | Y9: =SUM(AA9:AD9) -> 1 | Z9: =IFERROR((AA9+AC9)/Y9,"-") -> 1 | AA9: 0 | AB9: 0 | AC9: 1 | AD9: 0 | AE9: =C9 -> 前川陽来
B10: 3 | C10: ='Individual DF 1220_vs帝京'!C10 -> 茨木海斗 | D10: ='Individual DF 1220_vs帝京'!D10 -> 81 | E10: ='Individual DF 1220_vs帝京'!E10 -> 32 | F10: ='Individual DF 1220_vs帝京'!F10 -> 31.604938 | G10: =SUM(J10:M10) -> 4 | H10: =IFERROR((J10+K10)/SUM(J10:M10),"-") -> 1 | I10: =IFERROR(SUM(J10:L10)/SUM(J10:M10),"-") -> 1 | J10: 0 | K10: 4 | L10: 0 | M10: 0 | N10: =SUM(P10:R10) -> 9 | O10: =IFERROR((P10+Q10)/N10,"-") -> 1 | P10: 0 | Q10: 9 | R10: 0 | S10: =SUM(U10:X10) -> 10 | T10: =IFERROR((U10+W10)/S10,"-") -> 0.6 | U10: 0 | V10: 4 | W10: 6 | X10: 0 | Y10: =SUM(AA10:AD10) -> 10 | Z10: =IFERROR((AA10+AC10)/Y10,"-") -> 0.6 | AA10: 0 | AB10: 4 | AC10: 6 | AD10: 0 | AE10: =C10 -> 茨木海斗
B11: 4 | C11: ='Individual DF 1220_vs帝京'!C11 -> 磯部俊太朗 | D11: ='Individual DF 1220_vs帝京'!D11 -> 81 | E11: ='Individual DF 1220_vs帝京'!E11 -> 39 | F11: ='Individual DF 1220_vs帝京'!F11 -> 38.518519 | G11: =SUM(J11:M11) -> 9 | H11: =IFERROR((J11+K11)/SUM(J11:M11),"-") -> 1 | I11: =IFERROR(SUM(J11:L11)/SUM(J11:M11),"-") -> 1 | J11: 2 | K11: 7 | L11: 0 | M11: 0 | N11: =SUM(P11:R11) -> 13 | O11: =IFERROR((P11+Q11)/N11,"-") -> 0.92307692 | P11: 0 | Q11: 12 | R11: 1 | S11: =SUM(U11:X11) -> 19 | T11: =IFERROR((U11+W11)/S11,"-") -> 0.89473684 | U11: 7 | V11: 1 | W11: 10 | X11: 1 | Y11: =SUM(AA11:AD11) -> 19 | Z11: =IFERROR((AA11+AC11)/Y11,"-") -> 0.63157895 | AA11: 5 | AB11: 3 | AC11: 7 | AD11: 4 | AE11: =C11 -> 磯部俊太朗
B12: 5 | C12: ='Individual DF 1220_vs帝京'!C12 -> 白丸智乃祐 | D12: ='Individual DF 1220_vs帝京'!D12 -> 81 | E12: ='Individual DF 1220_vs帝京'!E12 -> 35 | F12: ='Individual DF 1220_vs帝京'!F12 -> 34.567901 | G12: =SUM(J12:M12) -> 1 | H12: =IFERROR((J12+K12)/SUM(J12:M12),"-") -> 1 | I12: =IFERROR(SUM(J12:L12)/SUM(J12:M12),"-") -> 1 | J12: 0 | K12: 1 | L12: 0 | M12: 0 | N12: =SUM(P12:R12) -> 18 | O12: =IFERROR((P12+Q12)/N12,"-") -> 0.94444444 | P12: 0 | Q12: 17 | R12: 1 | S12: =SUM(U12:X12) -> 15 | T12: =IFERROR((U12+W12)/S12,"-") -> 0.93333333 | U12: 0 | V12: 1 | W12: 14 | X12: 0 | Y12: =SUM(AA12:AD12) -> 15 | Z12: =IFERROR((AA12+AC12)/Y12,"-") -> 0.73333333 | AA12: 0 | AB12: 1 | AC12: 11 | AD12: 3 | AE12: =C12 -> 白丸智乃祐
B13: 6 | C13: ='Individual DF 1220_vs帝京'!C13 -> 茨木颯 | D13: ='Individual DF 1220_vs帝京'!D13 -> 81 | E13: ='Individual DF 1220_vs帝京'!E13 -> 30 | F13: ='Individual DF 1220_vs帝京'!F13 -> 29.62963 | G13: =SUM(J13:M13) -> 2 | H13: =IFERROR((J13+K13)/SUM(J13:M13),"-") -> 1 | I13: =IFERROR(SUM(J13:L13)/SUM(J13:M13),"-") -> 1 | J13: 0 | K13: 2 | L13: 0 | M13: 0 | N13: =SUM(P13:R13) -> 18 | O13: =IFERROR((P13+Q13)/N13,"-") -> 0.88888889 | P13: 0 | Q13: 16 | R13: 2 | S13: =SUM(U13:X13) -> 15 | T13: =IFERROR((U13+W13)/S13,"-") -> 0.93333333 | U13: 1 | V13: 1 | W13: 13 | X13: 0 | Y13: =SUM(AA13:AD13) -> 15 | Z13: =IFERROR((AA13+AC13)/Y13,"-") -> 0.73333333 | AA13: 0 | AB13: 2 | AC13: 11 | AD13: 2 | AE13: =C13 -> 茨木颯
B14: 7 | C14: ='Individual DF 1220_vs帝京'!C14 -> 中森真翔 | D14: ='Individual DF 1220_vs帝京'!D14 -> 77 | E14: ='Individual DF 1220_vs帝京'!E14 -> 16 | F14: ='Individual DF 1220_vs帝京'!F14 -> 16.623377 | G14: =SUM(J14:M14) -> 1 | H14: =IFERROR((J14+K14)/SUM(J14:M14),"-") -> 1 | I14: =IFERROR(SUM(J14:L14)/SUM(J14:M14),"-") -> 1 | J14: 0 | K14: 1 | L14: 0 | M14: 0 | N14: =SUM(P14:R14) -> 3 | O14: =IFERROR((P14+Q14)/N14,"-") -> 1 | P14: 0 | Q14: 3 | R14: 0 | S14: =SUM(U14:X14) -> 5 | T14: =IFERROR((U14+W14)/S14,"-") -> 1 | U14: 2 | V14: 0 | W14: 3 | X14: 0 | Y14: =SUM(AA14:AD14) -> 5 | Z14: =IFERROR((AA14+AC14)/Y14,"-") -> 1 | AA14: 2 | AB14: 0 | AC14: 3 | AD14: 0 | AE14: =C14 -> 中森真翔
B15: 8 | C15: ='Individual DF 1220_vs帝京'!C15 -> 大町尚生 | D15: ='Individual DF 1220_vs帝京'!D15 -> 52 | E15: ='Individual DF 1220_vs帝京'!E15 -> 21 | F15: ='Individual DF 1220_vs帝京'!F15 -> 32.307692 | G15: =SUM(J15:M15) -> 1 | H15: =IFERROR((J15+K15)/SUM(J15:M15),"-") -> 1 | I15: =IFERROR(SUM(J15:L15)/SUM(J15:M15),"-") -> 1 | J15: 0 | K15: 1 | L15: 0 | M15: 0 | N15: =SUM(P15:R15) -> 5 | O15: =IFERROR((P15+Q15)/N15,"-") -> 1 | P15: 0 | Q15: 5 | R15: 0 | S15: =SUM(U15:X15) -> 6 | T15: =IFERROR((U15+W15)/S15,"-") -> 1 | U15: 1 | V15: 0 | W15: 5 | X15: 0 | Y15: =SUM(AA15:AD15) -> 6 | Z15: =IFERROR((AA15+AC15)/Y15,"-") -> 0.83333333 | AA15: 1 | AB15: 0 | AC15: 4 | AD15: 1 | AE15: =C15 -> 大町尚生
B16: 9 | C16: ='Individual DF 1220_vs帝京'!C16 -> 高橋佑太朗 | D16: ='Individual DF 1220_vs帝京'!D16 -> 6 | E16: ='Individual DF 1220_vs帝京'!E16 -> 2 | F16: ='Individual DF 1220_vs帝京'!F16 -> 26.666667 | G16: =SUM(J16:M16) -> 0 | H16: =IFERROR((J16+K16)/SUM(J16:M16),"-") -> - | I16: =IFERROR(SUM(J16:L16)/SUM(J16:M16),"-") -> - | J16: 0 | K16: 0 | L16: 0 | M16: 0 | N16: =SUM(P16:R16) -> 0 | O16: =IFERROR((P16+Q16)/N16,"-") -> - | P16: 0 | Q16: 0 | R16: 0 | S16: =SUM(U16:X16) -> 0 | T16: =IFERROR((U16+W16)/S16,"-") -> - | U16: 0 | V16: 0 | W16: 0 | X16: 0 | Y16: =SUM(AA16:AD16) -> 0 | Z16: =IFERROR((AA16+AC16)/Y16,"-") -> - | AA16: 0 | AB16: 0 | AC16: 0 | AD16: 0 | AE16: =C16 -> 高橋佑太朗
B17: 10 | C17: ='Individual DF 1220_vs帝京'!C17 -> 楢本幹志朗 | D17: ='Individual DF 1220_vs帝京'!D17 -> 81 | E17: ='Individual DF 1220_vs帝京'!E17 -> 4 | F17: ='Individual DF 1220_vs帝京'!F17 -> 3.9506173 | G17: =SUM(J17:M17) -> 1 | H17: =IFERROR((J17+K17)/SUM(J17:M17),"-") -> 1 | I17: =IFERROR(SUM(J17:L17)/SUM(J17:M17),"-") -> 1 | J17: 0 | K17: 1 | L17: 0 | M17: 0 | N17: =SUM(P17:R17) -> 1 | O17: =IFERROR((P17+Q17)/N17,"-") -> 1 | P17: 0 | Q17: 1 | R17: 0 | S17: =SUM(U17:X17) -> 1 | T17: =IFERROR((U17+W17)/S17,"-") -> 1 | U17: 1 | V17: 0 | W17: 0 | X17: 0 | Y17: =SUM(AA17:AD17) -> 1 | Z17: =IFERROR((AA17+AC17)/Y17,"-") -> 1 | AA17: 1 | AB17: 0 | AC17: 0 | AD17: 0 | AE17: =C17 -> 楢本幹志朗
B18: 11 | C18: ='Individual DF 1220_vs帝京'!C18 -> 内田慎之甫 | D18: ='Individual DF 1220_vs帝京'!D18 -> 81 | E18: ='Individual DF 1220_vs帝京'!E18 -> 11 | F18: ='Individual DF 1220_vs帝京'!F18 -> 10.864198 | G18: =SUM(J18:M18) -> 0 | H18: =IFERROR((J18+K18)/SUM(J18:M18),"-") -> - | I18: =IFERROR(SUM(J18:L18)/SUM(J18:M18),"-") -> - | J18: 0 | K18: 0 | L18: 0 | M18: 0 | N18: =SUM(P18:R18) -> 2 | O18: =IFERROR((P18+Q18)/N18,"-") -> 1 | P18: 0 | Q18: 2 | R18: 0 | S18: =SUM(U18:X18) -> 1 | T18: =IFERROR((U18+W18)/S18,"-") -> 1 | U18: 0 | V18: 0 | W18: 1 | X18: 0 | Y18: =SUM(AA18:AD18) -> 1 | Z18: =IFERROR((AA18+AC18)/Y18,"-") -> 1 | AA18: 0 | AB18: 0 | AC18: 1 | AD18: 0 | AE18: =C18 -> 内田慎之甫
B19: 12 | C19: ='Individual DF 1220_vs帝京'!C19 -> 大内田陽冬 | D19: ='Individual DF 1220_vs帝京'!D19 -> 70 | E19: ='Individual DF 1220_vs帝京'!E19 -> 21 | F19: ='Individual DF 1220_vs帝京'!F19 -> 24 | G19: =SUM(J19:M19) -> 3 | H19: =IFERROR((J19+K19)/SUM(J19:M19),"-") -> 0.66666667 | I19: =IFERROR(SUM(J19:L19)/SUM(J19:M19),"-") -> 0.66666667 | J19: 1 | K19: 1 | L19: 0 | M19: 1 | N19: =SUM(P19:R19) -> 3 | O19: =IFERROR((P19+Q19)/N19,"-") -> 0.66666667 | P19: 0 | Q19: 2 | R19: 1 | S19: =SUM(U19:X19) -> 3 | T19: =IFERROR((U19+W19)/S19,"-") -> 1 | U19: 2 | V19: 0 | W19: 1 | X19: 0 | Y19: =SUM(AA19:AD19) -> 3 | Z19: =IFERROR((AA19+AC19)/Y19,"-") -> 0.33333333 | AA19: 0 | AB19: 2 | AC19: 1 | AD19: 0 | AE19: =C19 -> 大内田陽冬
... B30: 23 | C30: ='Individual DF 1220_vs帝京'!C30 -> 林勇太 | D30: ='Individual DF 1220_vs帝京'!D30 -> 0 | E30: ='Individual DF 1220_vs帝京'!E30 -> 0 | F30: ='Individual DF 1220_vs帝京'!F30 -> - | G30: =SUM(J30:M30) -> 0 | H30: =IFERROR((J30+K30)/SUM(J30:M30),"-") -> - | I30: =IFERROR(SUM(J30:L30)/SUM(J30:M30),"-") -> - | J30: 0 | K30: 0 | L30: 0 | M30: 0 | N30: =SUM(P30:R30) -> 0 | O30: =IFERROR((P30+Q30)/N30,"-") -> - | P30: 0 | Q30: 0 | R30: 0 | S30: =SUM(U30:X30) -> 0 | T30: =IFERROR((U30+W30)/S30,"-") -> - | U30: 0 | V30: 0 | W30: 0 | X30: 0 | Y30: =SUM(AA30:AD30) -> 0 | Z30: =IFERROR((AA30+AC30)/Y30,"-") -> - | AA30: 0 | AB30: 0 | AC30: 0 | AD30: 0 | AE30: =C30 -> 林勇太
B32: FW Total | G32: =SUM(G8:G15,G23:G27) -> 38 | H32: =SUM(J32:K32)/G32 -> 0.97368421 | I32: =SUM(J32:L32)/G32 -> 0.97368421 | J32: =SUM(J8:J15,J23:J27) -> 3 | K32: =SUM(K8:K15,K23:K27) -> 34 | L32: =SUM(L8:L15,L23:L27) -> 0 | M32: =SUM(M8:M15,M23:M27) -> 1 | N32: =SUM(N8:N15,N23:N27) -> 102 | O32: =IFERROR((P32+Q32)/N32,"-") -> 0.95098039 | P32: =SUM(P8:P15,P23:P27) -> 1 | Q32: =SUM(Q8:Q15,Q23:Q27) -> 96 | R32: =SUM(R8:R15,R23:R27) -> 5 | S32: =SUM(S8:S15,S23:S27) -> 118 | T32: =(U32+W32)/S32 -> 0.84745763 | U32: =SUM(U8:U15,U23:U27) -> 21 | V32: =SUM(V8:V15,V23:V27) -> 16 | W32: =SUM(W8:W15,W23:W27) -> 79 | X32: =SUM(X8:X15,X23:X27) -> 2 | Y32: =SUM(Y8:Y15,Y23:Y27) -> 119 | Z32: =(AA32+AC32)/Y32 -> 0.67226891 | AA32: =SUM(AA8:AA15,AA23:AA27) -> 12 | AB32: =SUM(AB8:AB15,AB23:AB27) -> 25 | AC32: =SUM(AC8:AC15,AC23:AC27) -> 68 | AD32: =SUM(AD8:AD15,AD23:AD27) -> 14 | AE32: FW Total
B33: BK Total | G33: =SUM(G16:G22,G28:G30) -> 16 | H33: =SUM(J33:K33)/G33 -> 0.625 | I33: =SUM(J33:L33)/G33 -> 0.75 | J33: =SUM(J16:J22,J28:J30) -> 3 | K33: =SUM(K16:K22,K28:K30) -> 7 | L33: =SUM(L16:L22,L28:L30) -> 2 | M33: =SUM(M16:M22,M28:M30) -> 4 | N33: =SUM(N16:N22,N28:N30) -> 17 | O33: =IFERROR((P33+Q33)/N33,"-") -> 0.94117647 | P33: =SUM(P16:P22,P28:P30) -> 0 | Q33: =SUM(Q16:Q22,Q28:Q30) -> 16 | R33: =SUM(R16:R22,R28:R30) -> 1 | S33: =SUM(S16:S22,S28:S30) -> 18 | T33: =(U33+W33)/S33 -> 0.94444444 | U33: =SUM(U16:U22,U28:U30) -> 8 | V33: =SUM(V16:V22,V28:V30) -> 1 | W33: =SUM(W16:W22,W28:W30) -> 9 | X33: =SUM(X16:X22,X28:X30) -> 0 | Y33: =SUM(Y16:Y22,Y28:Y30) -> 18 | Z33: =(AA33+AC33)/Y33 -> 0.61111111 | AA33: =SUM(AA16:AA22,AA28:AA30) -> 2 | AB33: =SUM(AB16:AB22,AB28:AB30) -> 7 | AC33: =SUM(AC16:AC22,AC28:AC30) -> 9 | AD33: =SUM(AD16:AD22,AD28:AD30) -> 0 | AE33: BK Total
B34: Team Total | G34: =SUM(G8:G30) -> 54 | H34: =SUM(J34:K34)/G34 -> 0.87037037 | I34: =SUM(J34:L34)/G34 -> 0.90740741 | J34: =SUM(J8:J30) -> 6 | K34: =SUM(K8:K30) -> 41 | L34: =SUM(L8:L30) -> 2 | M34: =SUM(M8:M30) -> 5 | N34: =SUM(N8:N30) -> 119 | O34: =IFERROR((P34+Q34)/N34,"-") -> 0.94957983 | P34: =SUM(P8:P30) -> 1 | Q34: =SUM(Q8:Q30) -> 112 | R34: =SUM(R8:R30) -> 6 | S34: =SUM(S8:S30) -> 136 | T34: =(U34+W34)/S34 -> 0.86029412 | U34: =SUM(U8:U30) -> 29 | V34: =SUM(V8:V30) -> 17 | W34: =SUM(W8:W30) -> 88 | X34: =SUM(X8:X30) -> 2 | Y34: =SUM(Y8:Y30) -> 137 | Z34: =(AA34+AC34)/Y34 -> 0.66423358 | AA34: =SUM(AA8:AA30) -> 14 | AB34: =SUM(AB8:AB30) -> 32 | AC34: =SUM(AC8:AC30) -> 77 | AD34: =SUM(AD8:AD30) -> 14 | AE34: Team Total
B35: Team Average | G35: =AVERAGE(G8:G30) -> 2.3478261 | J35: =AVERAGE(J8:J30) -> 0.26086957 | K35: =AVERAGE(K8:K30) -> 1.7826087 | L35: =AVERAGE(L8:L30) -> 0.086956522 | M35: =AVERAGE(M8:M30) -> 0.2173913 | P35: =AVERAGE(P8:P30) -> 0.043478261 | Q35: =AVERAGE(Q8:Q30) -> 4.8695652 | R35: =AVERAGE(R8:R30) -> 0.26086957 | S35: =AVERAGE(S8:S30) -> 5.9130435 | U35: =AVERAGE(U8:U30) -> 1.2608696 | V35: =AVERAGE(V8:V30) -> 0.73913043 | W35: =AVERAGE(W8:W30) -> 3.826087 | X35: =AVERAGE(X8:X30) -> 0.086956522 | Y35: =AVERAGE(Y8:Y30) -> 5.9565217 | AA35: =AVERAGE(AA8:AA30) -> 0.60869565 | AB35: =AVERAGE(AB8:AB30) -> 1.3913043 | AC35: =AVERAGE(AC8:AC30) -> 3.3478261 | AD35: =AVERAGE(AD8:AD30) -> 0.60869565 | AE35: Team Average

Sheet Set 1220_vs帝京
A1: VS | B1: ='Summary 1220_vs帝京'!O3 -> 帝京大学 | L1: 試合会場 | N1: 秩父宮ラグビー場 | O1: 天候・G状況 曇り・スリッピー | P1: 分析担当 小澤
A3: Set Play | L3: Penalty
A4: 筑波 | C4: 総数 | D4: 獲得率 | E4: 球出し○ | F4: 球出し× | G4: 相手反則 | H4: 被TO | I4: 筑波反則 | L4: =A4 -> 筑波 | N4: 1st | Q4: 2nd
A5: SC | B5: 1st | C5: =SUM(E5:I5) -> 1 | D5: =(E5+F5+G5)/C5 -> 1 | E5: 1 | F5: 0 | G5: 0 | H5: 0 | I5: 0 | L5: 名前 | M5: AT | N5: 内容 | Q5: FW | R5: AT | S5: 内容
B6: 2nd | C6: =SUM(E6:I6) -> 5 | D6: =(E6+F6+G6)/C6 -> 1 | E6: 1 | F6: 1 | G6: 3 | H6: 0 | I6: 0 | L6: 茨木か | M6: DF | N6: ノットリリースザボール | Q6: 東島 | R6: AT | S6: ノットリリースザボール
B7: Total | C7: =SUM(E7:J7) -> 6 | D7: =(E7+F7+G7)/C7 -> 1 | E7: =E5+E6 -> 2 | F7: =F5+F6 -> 1 | G7: =G5+G6 -> 3 | H7: =H5+H6 -> 0 | I7: =I5+I6 -> 0 | L7: 磯部 | M7: DF | N7: ラインオフサイド | Q7: 湯浅 | R7: DF | S7: ノットロールアウェイ
J8: NS | L8: 茨木そ | M8: DF | N8: ハイタックル | Q8: 湯浅 | R8: DF | S8: オフフィート
A9: LO | B9: 1st | C9: =SUM(E9:J9) -> 7 | D9: =(E9+F9+G9)/C9 -> 0.28571429 | E9: 2 | F9: 0 | G9: 0 | H9: 1 | I9: 0 | J9: 4 | L9: FW | M9: DF | N9: SCコラプシング | Q9: 大内田 | R9: DF | S9: ハンド
B10: 2nd | C10: =SUM(E10:J10) -> 12 | D10: =(E10+F10+G10)/C10 -> 0.91666667 | E10: 9 | F10: 2 | G10: 0 | H10: 1 | I10: 0 | J10: 0 | L10: FW | M10: DF | N10: アーリーエンゲージ | Q10: 浜浦 | R10: AT | S10: ノットリリースザボール
B11: Total | C11: =SUM(E11:J11) -> 19 | D11: =(E11+F11+G11)/C11 -> 0.68421053 | E11: =E9+E10 -> 11 | F11: =F9+F10 -> 2 | G11: =G9+G10 -> 0 | H11: =H9+H10 -> 2 | I11: =I9+I10 -> 0 | J11: =J9+J10 -> 4 | L11: FW | M11: DF | N11: SCコラプシング
L12: 白丸 | M12: DF | N12: ホールディング
L13: 磯部 | M13: DF | N13: ハイタックル
A14: =B1 -> 帝京大学 | C14: 総数 | D14: 獲得率 | E14: 球出し○ | F14: 球出し× | G14: 筑波反則 | H14: TO | I14: 相手反則 | L14: 楢本 | M14: DF | N14: ノットロールアウェイ
A15: SC | B15: 1st | C15: =SUM(E15:I15) -> 7 | D15: =(E15+F15+G15)/C15 -> 0.85714286 | E15: 2 | F15: 1 | G15: 3 | H15: 0 | I15: 1
B16: 2nd | C16: =SUM(E16:I16) -> 1 | D16: =(E16+F16+G16)/C16 -> 1 | E16: 1 | F16: 0 | G16: 0 | H16: 0 | I16: 0 | L16: =B1 -> 帝京大学 | N16: 1st
B17: Total | C17: =SUM(E17:I17) -> 8 | D17: =(E17+F17+G17)/C17 -> 0.875 | E17: =E15+E16 -> 3 | F17: =F15+F16 -> 1 | G17: =G15+G16 -> 3 | H17: =H15+H16 -> 0 | I17: =I15+I16 -> 1 | M17: AT | N17: SCコラプシング | R17: DF | S17: SCコラプシング
J18: コンテスト | M18: DF | N18: ハイタックル | R18: AT | S18: ノットリリースザボール
A19: LO | B19: 1st | C19: =SUM(E19:I19) -> 10 | D19: =(E19+F19+G19)/C19 -> 0.5 | E19: 4 | F19: 1 | G19: 0 | H19: 4 | I19: 1 | J19: 4 | R19: DF | S19: アーリープッシュ
B20: 2nd | C20: =SUM(E20:I20) -> 8 | D20: =(E20+F20+G20)/C20 -> 0.625 | E20: 3 | F20: 2 | G20: 0 | H20: 1 | I20: 2 | J20: 4 | R20: DF | S20: SCコラプシング
B21: Total | C21: =SUM(E21:I21) -> 18 | D21: =(E21+F21+G21)/C21 -> 0.55555556 | E21: =E19+E20 -> 7 | F21: =F19+F20 -> 3 | G21: =G19+G20 -> 0 | H21: =H19+H20 -> 5 | I21: =I19+I20 -> 3 | J21: =J19+J20 -> 8 | R21: AT | S21: オブストラクション | Z21: ]
H22: コンテスト率 | J22: =J21/C21 -> 0.44444444 | R22: DF | S22: ハイタックル
R23: DF | S23: ラインオフサイド
L27: Handling Error
L28: =A30 -> 筑波 | N28: 1st | Q28: 2nd
A29: Possession lost | L29: 高橋 | M29: AT[ | N29: パスミス | Q29: 茨木そ | R29: AT | S29: 被インターセプト
A30: 筑波 | C30: 1st | E30: 2nd | G30: Total | I30: ％ | L30: 大内田 | M30: AT[ | N30: ノックフォワード | Q30: 楢本 | R30: AT | S30: 被インターセプト
A31: Set | C31: 5 | E31: 2 | G31: =C31+E31 -> 7 | I31: =G31/G37 -> 0.23333333 | L31: 大内田 | M31: AT[ | N31: ノックフォワード | Q31: 深田 | R31: AT | S31: 被リップ
A32: Ruck & Maul | C32: 0 | E32: 2 | G32: =C32+E32 -> 2 | I32: =G32/G37 -> 0.066666667 | Q32: 浜浦 | R32: AT | S32: パスミス
A33: Handling Error | C33: 3 | E33: 6 | G33: =C33+E33 -> 9 | I33: =G33/G37 -> 0.3 | Q33: 深田 | R33: AT | S33: ノックフォワード
A34: Kick | C34: 10 | E34: 2 | G34: =C34+E34 -> 12 | I34: =G34/G37 -> 0.4 | Q34: 深田 | R34: AT | S34: パスミス
A35: Others | C35: 0 | E35: 0 | G35: =C35+E35 -> 0 | I35: =G35/G37 -> 0
G37: =SUM(G31:H35) -> 30
A38: =B1 -> 帝京大学 | C38: 1st | E38: 2nd | G38: Total | I38: ％ | L38: =B1 -> 帝京大学 | N38: 1st | Q38: 2nd
A39: Set | C39: 5 | E39: 2 | G39: =C39+E39 -> 7 | I39: =G39/H44 -> 0.23333333 | M39: AT | N39: ノックフォワード | R39: AT | S39: ノックフォワード
A40: Ruck & Maul | C40: 2 | E40: 3 | G40: =C40+E40 -> 5 | I40: =G40/H44 -> 0.16666667 | R40: AT | S40: ノックフォワード
A41: Handling Error | C41: 1 | E41: 4 | G41: =C41+E41 -> 5 | I41: =G41/H44 -> 0.16666667 | R41: AT | S41: パスミス
A42: Kick | C42: 8 | E42: 3 | G42: =C42+E42 -> 11 | I42: =G42/H44 -> 0.36666667 | R42: AT | S42: ノックフォワード
A43: Others | C43: 1 | E43: 1 | G43: =C43+E43 -> 2 | I43: =G43/H44 -> 0.066666667
H44: =SUM(G39:H43) -> 30

Sheet Summary 1206_vs青山学院
D3: 筑波大学 | I3: 60 | K3: - | M3: 15 | O3: 青山学院大学 | U3: 12月6日 | Y3: 熊谷B | AC3: 13:00 Kick Off | AG3: 原 大雅
D5: Contact AT STATS | U5: Contact DF STATS
D7: Team Stats | U7: Team Stats
D9: ゲイン | J9: 継続 | P9: B2 | U9: タックル | Y9: Defeat | AC9: Contest | AG9: ゲイン
E14: =E17 -> 13 | F14: =G17-E17 -> 32 | K14: =K17 -> 60 | L14: =M17-K17 -> 12 | Q14: =Q17 -> 19 | R14: =S17-Q17 -> 47 | V14: =V17 -> 78 | W14: =X17-V17 -> 6 | Z14: =Z17 -> 10 | AA14: =AB17-Z17 -> 74 | AD14: =AD17 -> 19 | AE14: =AF17-AD17 -> 18 | AH14: =AH17 -> 15 | AI14: =AJ17-AH17 -> 9
D16: =E17/G17 -> 0.28888889 | J16: =K17/M17 -> 0.83333333 | P16: =Q17/S17 -> 0.28787879 | U16: =V17/X17 -> 0.92857143 | Y16: =Z17/AB17 -> 0.11904762 | AC16: =AD17/AF17 -> 0.51351351 | AG16: =AH17/AJ17 -> 0.625
D17: 成功 | E17: =J22+M22+P22 -> 13 | F17: 母数 | G17: =J23+M23+P23 -> 45 | J17: 成功 | K17: =J26+M26+P26+S26 -> 60 | L17: 母数 | M17: =J27+M27+P27+S27 -> 72 | P17: 成功 | Q17: =M30 -> 19 | R17: 母数 | S17: 66 | U17: 成功 | V17: ='Individual DF 1206_vs青山学院'!K34+'Individual DF 1206_vs青山学院'!L34+'Individual DF 1206_vs青山学院'!T34+'Individual DF 1206_vs青山学院'!U34 -> 78 | W17: 母数 | X17: ='Individual DF 1206_vs青山学院'!G34 -> 84 | Y17: 成功 | Z17: ='Individual DF 1206_vs青山学院'!K34+'Individual DF 1206_vs青山学院'!T34 -> 10 | AA17: 母数 | AB17: ='Individual DF 1206_vs青山学院'!G34 -> 84 | AC17: 成功 | AD17: 19 | AE17: 母数 | AF17: 37 | AG17: 成功 | AH17: 15 | AI17: 母数 | AJ17: 24
D19: Detail Stats | U19: Detail Stats
D21: ゲイン | H21: 9Shape | K21: 10Shape | N21: LineAttack | Q21: Line Atatack(1phase) | U21: タックル | Y21: FW | AB21: BK
G22: 成功 | H22: =J22/J23 -> 0.23076923 | J22: 6 | K22: =M22/M23 -> 0.14285714 | M22: 1 | N22: =P22/P23 -> 0.5 | P22: 6 | Q22: ー | S22: - | X22: 成功 | Y22: =AA22/AA23 -> 0.98214286 | AA22: ='Individual DF 1206_vs青山学院'!K32+'Individual DF 1206_vs青山学院'!L32+'Individual DF 1206_vs青山学院'!T32+'Individual DF 1206_vs青山学院'!U32 -> 55 | AB22: =AD22/AD23 -> 0.82142857 | AD22: ='Individual DF 1206_vs青山学院'!K33+'Individual DF 1206_vs青山学院'!L33+'Individual DF 1206_vs青山学院'!T33+'Individual DF 1206_vs青山学院'!U33 -> 23
G23: 母数 | J23: 26 | M23: 7 | P23: 12 | S23: - | X23: 母数 | AA23: ='Individual DF 1206_vs青山学院'!G32 -> 56 | AD23: ='Individual DF 1206_vs青山学院'!G33 -> 28
D25: 継続 | H25: 9Shape | K25: 10Shape | N25: LineAttack | Q25: Line Atatack(1phase) | U25: Defeat | Y25: FW | AB25: BK
G26: 成功 | H26: =J26/J27 -> 0.96153846 | J26: 25 | K26: =M26/M27 -> 0.85714286 | M26: 6 | N26: =P26/P27 -> 0.66666667 | P26: 8 | Q26: =S26/S27 -> 0.77777778 | S26: 21 | X26: 成功 | Y26: =AA26/AA27 -> 0.035714286 | AA26: ='Individual DF 1206_vs青山学院'!K32+'Individual DF 1206_vs青山学院'!T32 -> 2 | AB26: =AD26/AD27 -> 0.28571429 | AD26: ='Individual DF 1206_vs青山学院'!K33+'Individual DF 1206_vs青山学院'!T33 -> 8
G27: 母数 | J27: 26 | M27: 7 | P27: 12 | S27: 27 | X27: 母数 | AA27: ='Individual DF 1206_vs青山学院'!G32 -> 56 | AD27: ='Individual DF 1206_vs青山学院'!G33 -> 28
D29: B2,3 | H29: B3 | K29: B2 | N29: - | Q29: -
G30: 成功 | H30: =J30/J31 -> 0.6969697 | J30: 46 | K30: =M30/M31 -> 0.28787879 | M30: 19 | N30: - | P30: - | Q30: - | S30: -
G31: 母数 | J31: 66 | M31: 66 | P31: - | S31: -
D34: Set Play Stats
D36: SC Stats | U36: LO Stats
D38: SC | L38: SC マイボールキープ率 | U38: LO | AC38: LO マイボールキープ率
H39: =D3 -> 筑波大学 | J39: ='Set 1206_vs青山学院'!C7 -> 5 | L39: =D3 -> 筑波大学 | P39: =O3 -> 青山学院大学 | Y39: =D3 -> 筑波大学 | AA39: ='Set 1206_vs青山学院'!C11 -> 17 | AC39: =D3 -> 筑波大学 | AG39: =O3 -> 青山学院大学
L41: ='Set 1206_vs青山学院'!D7 -> 0.8 | P41: ='Set 1206_vs青山学院'!D17 -> 0.8 | AC41: ='Set 1206_vs青山学院'!D11 -> 0.88235294 | AG41: ='Set 1206_vs青山学院'!D21 -> 0.63636364
H42: =O3 -> 青山学院大学 | J42: ='Set 1206_vs青山学院'!C17 -> 5 | Y42: =O3 -> 青山学院大学 | AA42: ='Set 1206_vs青山学院'!C21 -> 11
E43: =J39 -> 5 | F43: =J42 -> 5 | V43: =AA39 -> 17 | W43: =AA42 -> 11
H45: Total | J45: =J39+J42 -> 10 | Y45: Total | AA45: =AA39+AA42 -> 28
D46: =J39/J45 -> 0.5 | U46: =AA39/AA45 -> 0.60714286

Sheet Individual DF 1206_vs青山学院
B2: vs | C2: ='Summary 1206_vs青山学院'!O3 -> 青山学院大学 | F2: Individual DF Stats | V2: 分析担当 | Z2: Tackle | AB2: 中矢陸
B4: Team Stats | E4: 総タックル | H4: =G34 -> 84 | J4: Defeat成功率 | M4: =(K34+T34)/G34 -> 0.11904762 | O4: タックル成功率 | R4: =SUM(K34:L34,T34:U34)/G34 -> 0.92857143 | U4: リアクション | X4: 1st | AA4: =SUM(O34:P34)/SUM(K34:L34) -> 0.75609756 | AB4: Assist | AE4: =SUM(X32:Y32)/SUM(T32:U32) -> 0.77777778
I6: 1st Tackle | N6: 1st Tackle Reaction | R6: Assist Tackle | W6: Assist Tackle Reaction | AA6: BD Works
D7: 出場時間 | E7: プレー総数 | F7: プレー換算値 | G7: タックル数 | H7: ％ | I7: 合計 | J7: ％ | K7: ◎ Defeat | L7: ○ 倒す | M7: × 失敗 | N7: % | O7: ファイト | P7: リロード | Q7: × | R7: 合計 | S7: ％ | T7: ◎ Defeat | U7: ○ 倒す | V7: × 失敗 | W7: % | X7: ファイト | Y7: リロード | Z7: × | AA7: 合計 | AB7: % | AC7: Jackal,Jerk | AD7: Pressure | AE7: BD Work × | AF7: 選手名
B8: 1 | C8: 湯浅大心 | D8: 55 | E8: =G8+AA8+'Individual AT 1206_vs青山学院'!G8+'Individual AT 1206_vs青山学院'!N8 -> 13 | F8: =IFERROR(E8/D8*80,"-") -> 18.909091 | G8: =I8+R8 -> 4 | H8: =IFERROR((K8+L8+T8+U8)/G8,"-") -> 1 | I8: =SUM(K8:M8) -> 2 | J8: =IFERROR((K8+L8)/I8,"-") -> 1 | K8: 0 | L8: 2 | M8: 0 | N8: =IFERROR((O8+P8)/I8,"-") -> 1 | O8: 0 | P8: 2 | Q8: 0 | R8: =SUM(T8:V8) -> 2 | S8: =IFERROR((T8+U8)/R8,"-") -> 1 | T8: 0 | U8: 2 | V8: 0 | W8: =IFERROR((X8+Y8)/R8,"-") -> 1 | X8: 1 | Y8: 1 | Z8: 0 | AA8: 0 | AB8: =IFERROR((AC8+AD8)/AA8,"-") -> - | AC8: 1 | AD8: 2 | AE8: 1 | AF8: =C8 -> 湯浅大心
B9: 2 | C9: 前川陽来 | D9: 69 | E9: =G9+AA9+'Individual AT 1206_vs青山学院'!G9+'Individual AT 1206_vs青山学院'!N9 -> 21 | F9: =IFERROR(E9/D9*80,"-") -> 24.347826 | G9: =I9+R9 -> 8 | H9: =IFERROR((K9+L9+T9+U9)/G9,"-") -> 1 | I9: =SUM(K9:M9) -> 3 | J9: =IFERROR((K9+L9)/I9,"-") -> 1 | K9: 0 | L9: 3 | M9: 0 | N9: =IFERROR((O9+P9)/I9,"-") -> 0.66666667 | O9: 0 | P9: 2 | Q9: 1 | R9: =SUM(T9:V9) -> 5 | S9: =IFERROR((T9+U9)/R9,"-") -> 1 | T9: 1 | U9: 4 | V9: 0 | W9: =IFERROR((X9+Y9)/R9,"-") -> 0.6 | X9: 2 | Y9: 1 | Z9: 2 | AA9: =SUM(AC9:AE9) -> 0 | AB9: =IFERROR((AC9+AD9)/AA9,"-") -> - | AC9: 0 | AD9: 0 | AE9: 0 | AF9: =C9 -> 前川陽来
B10: 3 | C10: イーゴリ | D10: 55 | E10: =G10+AA10+'Individual AT 1206_vs青山学院'!G10+'Individual AT 1206_vs青山学院'!N10 -> 20 | F10: =IFERROR(E10/D10*80,"-") -> 29.090909 | G10: =I10+R10 -> 8 | H10: =IFERROR((K10+L10+T10+U10)/G10,"-") -> 1 | I10: =SUM(K10:M10) -> 4 | J10: =IFERROR((K10+L10)/I10,"-") -> 1 | K10: 0 | L10: 4 | M10: 0 | N10: =IFERROR((O10+P10)/I10,"-") -> 0.75 | O10: 0 | P10: 3 | Q10: 1 | R10: =SUM(T10:V10) -> 4 | S10: =IFERROR((T10+U10)/R10,"-") -> 1 | T10: 0 | U10: 4 | V10: 0 | W10: =IFERROR((X10+Y10)/R10,"-") -> 0.75 | X10: 0 | Y10: 3 | Z10: 1 | AA10: =SUM(AC10:AE10) -> 3 | AB10: =IFERROR((AC10+AD10)/AA10,"-") -> 0.66666667 | AC10: 1 | AD10: 1 | AE10: 1 | AF10: =C10 -> イーゴリ
B11: 4 | C11: 磯部俊太朗 | D11: 77 | E11: =G11+AA11+'Individual AT 1206_vs青山学院'!G11+'Individual AT 1206_vs青山学院'!N11 -> 19 | F11: =IFERROR(E11/D11*80,"-") -> 19.74026 | G11: =I11+R11 -> 3 | H11: =IFERROR((K11+L11+T11+U11)/G11,"-") -> 1 | I11: =SUM(K11:M11) -> 2 | J11: =IFERROR((K11+L11)/I11,"-") -> 1 | K11: 0 | L11: 2 | M11: 0 | N11: =IFERROR((O11+P11)/I11,"-") -> 0.5 | O11: 0 | P11: 1 | Q11: 1 | R11: =SUM(T11:V11) -> 1 | S11: =IFERROR((T11+U11)/R11,"-") -> 1 | T11: 0 | U11: 1 | V11: 0 | W11: =IFERROR((X11+Y11)/R11,"-") -> 1 | X11: 1 | Y11: 0 | Z11: 0 | AA11: =SUM(AC11:AE11) -> 1 | AB11: =IFERROR((AC11+AD11)/AA11,"-") -> 1 | AC11: 0 | AD11: 1 | AE11: 0 | AF11: =C11 -> 磯部俊太朗
B12: 5 | C12: 白丸智乃祐 | D12: 82 | E12: =G12+AA12+'Individual AT 1206_vs青山学院'!G12+'Individual AT 1206_vs青山学院'!N12 -> 27 | F12: =IFERROR(E12/D12*80,"-") -> 26.341463 | G12: =I12+R12 -> 4 | H12: =IFERROR((K12+L12+T12+U12)/G12,"-") -> 1 | I12: =SUM(K12:M12) -> 1 | J12: =IFERROR((K12+L12)/I12,"-") -> 1 | K12: 0 | L12: 1 | M12: 0 | N12: =IFERROR((O12+P12)/I12,"-") -> 0 | O12: 0 | P12: 0 | Q12: 1 | R12: =SUM(T12:V12) -> 3 | S12: =IFERROR((T12+U12)/R12,"-") -> 1 | T12: 1 | U12: 2 | V12: 0 | W12: =IFERROR((X12+Y12)/R12,"-") -> 0.33333333 | X12: 0 | Y12: 1 | Z12: 2 | AA12: =SUM(AC12:AE12) -> 3 | AB12: =IFERROR((AC12+AD12)/AA12,"-") -> 0.66666667 | AC12: 0 | AD12: 2 | AE12: 1 | AF12: =C12 -> 白丸智乃祐
B13: 6 | C13: 茨木颯 | D13: 82 | E13: =G13+AA13+'Individual AT 1206_vs青山学院'!G13+'Individual AT 1206_vs青山学院'!N13 -> 32 | F13: =IFERROR(E13/D13*80,"-") -> 31.219512 | G13: =I13+R13 -> 6 | H13: =IFERROR((K13+L13+T13+U13)/G13,"-") -> 1 | I13: =SUM(K13:M13) -> 4 | J13: =IFERROR((K13+L13)/I13,"-") -> 1 | K13: 0 | L13: 4 | M13: 0 | N13: =IFERROR((O13+P13)/I13,"-") -> 0.5 | O13: 1 | P13: 1 | Q13: 2 | R13: =SUM(T13:V13) -> 2 | S13: =IFERROR((T13+U13)/R13,"-") -> 1 | T13: 0 | U13: 2 | V13: 0 | W13: =IFERROR((X13+Y13)/R13,"-") -> 1 | X13: 1 | Y13: 1 | Z13: 0 | AA13: =SUM(AC13:AE13) -> 6 | AB13: =IFERROR((AC13+AD13)/AA13,"-") -> 1 | AC13: 2 | AD13: 4 | AE13: 0 | AF13: =C13 -> 茨木颯
B14: 7 | C14: 大町尚生 | D14: 82 | E14: =G14+AA14+'Individual AT 1206_vs青山学院'!G14+'Individual AT 1206_vs青山学院'!N14 -> 39 | F14: =IFERROR(E14/D14*80,"-") -> 38.04878 | G14: =I14+R14 -> 10 | H14: =IFERROR((K14+L14+T14+U14)/G14,"-") -> 1 | I14: =SUM(K14:M14) -> 6 | J14: =IFERROR((K14+L14)/I14,"-") -> 1 | K14: 0 | L14: 6 | M14: 0 | N14: =IFERROR((O14+P14)/I14,"-") -> 0.66666667 | O14: 0 | P14: 4 | Q14: 2 | R14: =SUM(T14:V14) -> 4 | S14: =IFERROR((T14+U14)/R14,"-") -> 1 | T14: 0 | U14: 4 | V14: 0 | W14: =IFERROR((X14+Y14)/R14,"-") -> 0.75 | X14: 1 | Y14: 2 | Z14: 1 | AA14: =SUM(AC14:AE14) -> 1 | AB14: =IFERROR((AC14+AD14)/AA14,"-") -> 1 | AC14: 1 | AD14: 0 | AE14: 0 | AF14: =C14 -> 大町尚生
B15: 8 | C15: 浜浦幸太郎 | D15: 61 | E15: =G15+AA15+'Individual AT 1206_vs青山学院'!G15+'Individual AT 1206_vs青山学院'!N15 -> 28 | F15: =IFERROR(E15/D15*80,"-") -> 36.721311 | G15: =I15+R15 -> 8 | H15: =IFERROR((K15+L15+T15+U15)/G15,"-") -> 1 | I15: =SUM(K15:M15) -> 4 | J15: =IFERROR((K15+L15)/I15,"-") -> 1 | K15: 0 | L15: 4 | M15: 0 | N15: =IFERROR((O15+P15)/I15,"-") -> 0.5 | O15: 0 | P15: 2 | Q15: 2 | R15: =SUM(T15:V15) -> 4 | S15: =IFERROR((T15+U15)/R15,"-") -> 1 | T15: 0 | U15: 4 | V15: 0 | W15: =IFERROR((X15+Y15)/R15,"-") -> 1 | X15: 1 | Y15: 3 | Z15: 0 | AA15: =SUM(AC15:AE15) -> 2 | AB15: =IFERROR((AC15+AD15)/AA15,"-") -> 1 | AC15: 1 | AD15: 1 | AE15: 0 | AF15: =C15 -> 浜浦幸太郎
B16: 9 | C16: 高橋佑太朗 | D16: 70 | E16: =G16+AA16+'Individual AT 1206_vs青山学院'!G16+'Individual AT 1206_vs青山学院'!N16 -> 4 | F16: =IFERROR(E16/D16*80,"-") -> 4.5714286 | G16: =I16+R16 -> 1 | H16: =IFERROR((K16+L16+T16+U16)/G16,"-") -> 1 | I16: =SUM(K16:M16) -> 1 | J16: =IFERROR((K16+L16)/I16,"-") -> 1 | K16: 0 | L16: 1 | M16: 0 | N16: =IFERROR((O16+P16)/I16,"-") -> 1 | O16: 0 | P16: 1 | Q16: 0 | R16: =SUM(T16:V16) -> 0 | S16: =IFERROR((T16+U16)/R16,"-") -> - | T16: 0 | U16: 0 | V16: 0 | W16: =IFERROR((X16+Y16)/R16,"-") -> - | X16: 0 | Y16: 0 | Z16: 0 | AA16: =SUM(AC16:AE16) -> 0 | AB16: =IFERROR((AC16+AD16)/AA16,"-") -> - | AC16: 0 | AD16: 0 | AE16: 0 | AF16: =C16 -> 高橋佑太朗
B17: 10 | C17: 楢本幹志朗 | D17: 82 | E17: =G17+AA17+'Individual AT 1206_vs青山学院'!G17+'Individual AT 1206_vs青山学院'!N17 -> 8 | F17: =IFERROR(E17/D17*80,"-") -> 7.804878 | G17: =I17+R17 -> 2 | H17: =IFERROR((K17+L17+T17+U17)/G17,"-") -> 0.5 | I17: =SUM(K17:M17) -> 2 | J17: =IFERROR((K17+L17)/I17,"-") -> 0.5 | K17: 0 | L17: 1 | M17: 1 | N17: =IFERROR((O17+P17)/I17,"-") -> 0.5 | O17: 0 | P17: 1 | Q17: 0 | R17: =SUM(T17:V17) -> 0 | S17: =IFERROR((T17+U17)/R17,"-") -> - | T17: 0 | U17: 0 | V17: 0 | W17: =IFERROR((X17+Y17)/R17,"-") -> - | X17: 0 | Y17: 0 | Z17: 0 | AA17: =SUM(AC17:AE17) -> 0 | AB17: =IFERROR((AC17+AD17)/AA17,"-") -> - | AC17: 0 | AD17: 0 | AE17: 0 | AF17: =C17 -> 楢本幹志朗
B18: 11 | C18: 林勇太 | D18: 77 | E18: =G18+AA18+'Individual AT 1206_vs青山学院'!G18+'Individual AT 1206_vs青山学院'!N18 -> 17 | F18: =IFERROR(E18/D18*80,"-") -> 17.662338 | G18: =I18+R18 -> 3 | H18: =IFERROR((K18+L18+T18+U18)/G18,"-") -> 1 | I18: =SUM(K18:M18) -> 3 | J18: =IFERROR((K18+L18)/I18,"-") -> 1 | K18: 2 | L18: 1 | M18: 0 | N18: =IFERROR((O18+P18)/I18,"-") -> 1 | O18: 0 | P18: 3 | Q18: 0 | R18: =SUM(T18:V18) -> 0 | S18: =IFERROR((T18+U18)/R18,"-") -> - | T18: 0 | U18: 0 | V18: 0 | W18: =IFERROR((X18+Y18)/R18,"-") -> - | X18: 0 | Y18: 0 | Z18: 0 | AA18: =SUM(AC18:AE18) -> 0 | AB18: =IFERROR((AC18+AD18)/AA18,"-") -> - | AC18: 0 | AD18: 0 | AE18: 0 | AF18: =C18 -> 林勇太
B19: 12 | C19: 朴大優 | D19: 82 | E19: =G19+AA19+'Individual AT 1206_vs青山学院'!G19+'Individual AT 1206_vs青山学院'!N19 -> 27 | F19: =IFERROR(E19/D19*80,"-") -> 26.341463 | G19: =I19+R19 -> 8 | H19: =IFERROR((K19+L19+T19+U19)/G19,"-") -> 0.875 | I19: =SUM(K19:M19) -> 3 | J19: =IFERROR((K19+L19)/I19,"-") -> 1 | K19: 1 | L19: 2 | M19: 0 | N19: =IFERROR((O19+P19)/I19,"-") -> 1 | O19: 1 | P19: 2 | Q19: 0 | R19: =SUM(T19:V19) -> 5 | S19: =IFERROR((T19+U19)/R19,"-") -> 0.8 | T19: 1 | U19: 3 | V19: 1 | W19: =IFERROR((X19+Y19)/R19,"-") -> 0.8 | X19: 0 | Y19: 4 | Z19: 0 | AA19: =SUM(AC19:AE19) -> 1 | AB19: =IFERROR((AC19+AD19)/AA19,"-") -> 1 | AC19: 1 | AD19: 0 | AE19: 0 | AF19: =C19 -> 朴大優
B20: 13 | C20: 東島和哉 | D20: 63 | E20: =G20+AA20+'Individual AT 1206_vs青山学院'!G20+'Individual AT 1206_vs青山学院'!N20 -> 12 | F20: =IFERROR(E20/D20*80,"-") -> 15.238095 | G20: =I20+R20 -> 4 | H20: =IFERROR((K20+L20+T20+U20)/G20,"-") -> 1 | I20: =SUM(K20:M20) -> 2 | J20: =IFERROR((K20+L20)/I20,"-") -> 1 | K20: 1 | L20: 1 | M20: 0 | N20: =IFERROR((O20+P20)/I20,"-") -> 1 | O20: 0 | P20: 2 | Q20: 0 | R20: =SUM(T20:V20) -> 2 | S20: =IFERROR((T20+U20)/R20,"-") -> 1 | T20: 1 | U20: 1 | V20: 0 | W20: =IFERROR((X20+Y20)/R20,"-") -> 1 | X20: 0 | Y20: 2 | Z20: 0 | AA20: =SUM(AC20:AE20) -> 0 | AB20: =IFERROR((AC20+AD20)/AA20,"-") -> - | AC20: 0 | AD20: 0 | AE20: 0 | AF20: =C20 -> 東島和哉
... B30: 23 | C30: 今村颯汰 | D30: 5 | E30: =G30+AA30+'Individual AT 1206_vs青山学院'!G30+'Individual AT 1206_vs青山学院'!N30 -> 2 | F30: =IFERROR(E30/D30*80,"-") -> 32 | G30: =I30+R30 -> 0 | H30: =IFERROR((K30+L30+T30+U30)/G30,"-") -> - | I30: =SUM(K30:M30) -> 0 | J30: =IFERROR((K30+L30)/I30,"-") -> - | K30: 0 | L30: 0 | M30: 0 | N30: =IFERROR((O30+P30)/I30,"-") -> - | O30: 0 | P30: 0 | Q30: 0 | R30: =SUM(T30:V30) -> 0 | S30: =IFERROR((T30+U30)/R30,"-") -> - | T30: 0 | U30: 0 | V30: 0 | W30: =IFERROR((X30+Y30)/R30,"-") -> - | X30: 0 | Y30: 0 | Z30: 0 | AA30: =SUM(AC30:AE30) -> 0 | AB30: =IFERROR((AC30+AD30)/AA30,"-") -> - | AC30: 0 | AD30: 0 | AE30: 0 | AF30: =C30 -> 今村颯汰
B32: FW Total | G32: =SUM(G8:G15,G23:G27) -> 56 | I32: =SUM(I8:I15,I23:I27) -> 29 | J32: =SUM(K32:L32)/I32 -> 0.96551724 | K32: =SUM(K8:K15,K23:K27) -> 0 | L32: =SUM(L8:L15,L23:L27) -> 28 | M32: =SUM(M8:M15,M23:M27) -> 1 | N32: =SUM(O32:P32)/I32 -> 0.62068966 | O32: =SUM(O8:O15,O23:O27) -> 1 | P32: =SUM(P8:P15,P23:P27) -> 17 | Q32: =SUM(Q8:Q15,Q23:Q27) -> 10 | R32: =SUM(R8:R15,R23:R27) -> 27 | S32: =SUM(T32:U32)/R32 -> 1 | T32: =SUM(T8:T15,T23:T27) -> 2 | U32: =SUM(U8:U15,U23:U27) -> 25 | V32: =SUM(V8:V15,V23:V27) -> 0 | W32: =SUM(X32:Y32)/SUM(X32:Z32) -> 0.77777778 | X32: =SUM(X8:X15,X23:X27) -> 8 | Y32: =SUM(Y8:Y15,Y23:Y27) -> 13 | Z32: =SUM(Z8:Z15,Z23:Z27) -> 6 | AA32: =SUM(AA8:AA15,AA23:AA27) -> 16 | AB32: =SUM(AC32:AD32)/SUM(AC32:AE32) -> 0.85 | AC32: =SUM(AC8:AC15,AC23:AC27) -> 6 | AD32: =SUM(AD8:AD15,AD23:AD27) -> 11 | AE32: =SUM(AE8:AE15,AE23:AE27) -> 3 | AF32: FW Total
B33: BK Total | G33: =SUM(G16:G22,G28:G30) -> 28 | I33: =SUM(I16:I22,I28:I30) -> 17 | J33: =SUM(K33:L33)/I33 -> 0.76470588 | K33: =SUM(K16:K22,K28:K30) -> 6 | L33: =SUM(L16:L22,L28:L30) -> 7 | M33: =SUM(M16:M22,M28:M30) -> 4 | N33: =SUM(O33:P33)/I33 -> 0.76470588 | O33: =SUM(O16:O22,O28:O30) -> 1 | P33: =SUM(P16:P22,P28:P30) -> 12 | Q33: =SUM(Q16:Q22,Q28:Q30) -> 0 | R33: =SUM(R16:R22,R28:R30) -> 11 | S33: =SUM(T33:U33)/R33 -> 0.90909091 | T33: =SUM(T16:T22,T28:T30) -> 2 | U33: =SUM(U16:U22,U28:U30) -> 8 | V33: =SUM(V16:V22,V28:V30) -> 1 | W33: =SUM(X33:Y33)/SUM(X33:Z33) -> 0.9 | X33: =SUM(X16:X22,X28:X30) -> 1 | Y33: =SUM(Y16:Y22,Y28:Y30) -> 8 | Z33: =SUM(Z16:Z22,Z28:Z30) -> 1 | AA33: =SUM(AA16:AA22,AA28:AA30) -> 1 | AB33: =SUM(AC33:AD33)/SUM(AC33:AE33) -> 1 | AC33: =SUM(AC16:AC22,AC28:AC30) -> 1 | AD33: =SUM(AD16:AD22,AD28:AD30) -> 0 | AE33: =SUM(AE16:AE22,AE28:AE30) -> 0 | AF33: BK Total
B34: Team Total | G34: =SUM(G8:G30) -> 84 | I34: =SUM(I8:I30) -> 46 | J34: =SUM(K34:L34)/I34 -> 0.89130435 | K34: =SUM(K8:K30) -> 6 | L34: =SUM(L8:L30) -> 35 | M34: =SUM(M8:M30) -> 5 | N34: =SUM(O34:P34)/I34 -> 0.67391304 | O34: =SUM(O8:O30) -> 2 | P34: =SUM(P8:P30) -> 29 | Q34: =SUM(Q8:Q30) -> 10 | R34: =SUM(R8:R30) -> 38 | S34: =SUM(T34:U34)/R34 -> 0.97368421 | T34: =SUM(T8:T30) -> 4 | U34: =SUM(U8:U30) -> 33 | V34: =SUM(V8:V30) -> 1 | W34: =SUM(X34:Y34)/SUM(X34:Z34) -> 0.81081081 | X34: =SUM(X8:X30) -> 9 | Y34: =SUM(Y8:Y30) -> 21 | Z34: =SUM(Z8:Z30) -> 7 | AA34: =SUM(AA8:AA30) -> 17 | AB34: =SUM(AC34:AD34)/SUM(AC34:AE34) -> 0.85714286 | AC34: =SUM(AC8:AC30) -> 7 | AD34: =SUM(AD8:AD30) -> 11 | AE34: =SUM(AE8:AE30) -> 3 | AF34: Team Total
B35: Team Average | G35: =AVERAGE(G8:G30) -> 3.6521739 | I35: =AVERAGE(I8:I30) -> 2 | K35: =AVERAGE(K8:K30) -> 0.26086957 | L35: =AVERAGE(L8:L30) -> 1.5217391 | M35: =AVERAGE(M8:M30) -> 0.2173913 | O35: =AVERAGE(O8:O30) -> 0.086956522 | P35: =AVERAGE(P8:P30) -> 1.2608696 | Q35: =AVERAGE(Q8:Q30) -> 0.43478261 | R35: =AVERAGE(R8:R30) -> 1.6521739 | T35: =AVERAGE(T8:T30) -> 0.17391304 | U35: =AVERAGE(U8:U30) -> 1.4347826 | V35: =AVERAGE(V8:V30) -> 0.043478261 | X35: =AVERAGE(X8:X30) -> 0.39130435 | Y35: =AVERAGE(Y8:Y30) -> 0.91304348 | Z35: =AVERAGE(Z8:Z30) -> 0.30434783 | AA35: =AVERAGE(AA8:AA30) -> 0.73913043 | AC35: =AVERAGE(AC8:AC30) -> 0.30434783 | AD35: =AVERAGE(AD8:AD30) -> 0.47826087 | AE35: =AVERAGE(AE8:AE30) -> 0.13043478 | AF35: Team Average

Sheet Individual AT 1206_vs青山学院
B2: vs | C2: ='Summary 1206_vs青山学院'!O3 -> 青山学院大学 | F2: Individual AT Stats | O2: 分析担当 | S2: 表 | Y2: B2,3 | AA2: 中矢陸
B4: Team Stats | E4: Body Ball Control | J4: =H34 -> 0.90789474 | N4: Support | R4: =O34 -> 0.95454545 | U4: B3 | X4: =T34 -> 0.86818182 | Z4: B2 | AC4: =Z34 -> 0.68636364
G6: Carrier Contact | N6: Support | S6: B3 | Y6: B2
D7: 出場時間 | E7: プレー総数 | F7: プレー換算値 | G7: 合計 | H7: Good/Stay ％ | I7: BB% | J7: Gain◎ | K7: Stay○ | L7: 後退△ | M7: Lost× | N7: 合計 | O7: ％ | P7: EXELLENT◎ | Q7: GOOD○ | R7: BAD× | S7: 合計 | T7: ％ | U7: Carrier○ | V7: Carrier× | W7: Support○ | X7: Support× | Y7: 合計 | Z7: ％ | AA7: Carrier○ | AB7: Carrier× | AC7: Support○ | AD7: Support× | AE7: 選手名
B8: 1 | C8: ='Individual DF 1206_vs青山学院'!C8 -> 湯浅大心 | D8: ='Individual DF 1206_vs青山学院'!D8 -> 55 | E8: ='Individual DF 1206_vs青山学院'!E8 -> 13 | F8: ='Individual DF 1206_vs青山学院'!F8 -> 18.909091 | G8: =SUM(J8:M8) -> 5 | H8: =IFERROR((J8+K8)/SUM(J8:M8),"-") -> 1 | I8: =IFERROR(SUM(J8:L8)/SUM(J8:M8),"-") -> 1 | J8: 1 | K8: 4 | L8: 0 | M8: 0 | N8: =SUM(P8:R8) -> 4 | O8: =IFERROR((P8+Q8)/N8,"-") -> 0.75 | P8: 0 | Q8: 3 | R8: 1 | S8: =SUM(U8:X8) -> 7 | T8: =IFERROR((U8+W8)/S8,"-") -> 0.71428571 | U8: 3 | V8: 1 | W8: 2 | X8: 1 | Y8: =SUM(AA8:AD8) -> 7 | Z8: =IFERROR((AA8+AC8)/Y8,"-") -> 0.42857143 | AA8: 1 | AB8: 3 | AC8: 2 | AD8: 1 | AE8: =C8 -> 湯浅大心
B9: 2 | C9: ='Individual DF 1206_vs青山学院'!C9 -> 前川陽来 | D9: ='Individual DF 1206_vs青山学院'!D9 -> 69 | E9: ='Individual DF 1206_vs青山学院'!E9 -> 21 | F9: ='Individual DF 1206_vs青山学院'!F9 -> 24.347826 | G9: =SUM(J9:M9) -> 2 | H9: =IFERROR((J9+K9)/SUM(J9:M9),"-") -> 1 | I9: =IFERROR(SUM(J9:L9)/SUM(J9:M9),"-") -> 1 | J9: 0 | K9: 2 | L9: 0 | M9: 0 | N9: =SUM(P9:R9) -> 11 | O9: =IFERROR((P9+Q9)/N9,"-") -> 1 | P9: 2 | Q9: 9 | R9: 0 | S9: =SUM(U9:X9) -> 13 | T9: =IFERROR((U9+W9)/S9,"-") -> 1 | U9: 2 | V9: 0 | W9: 11 | X9: 0 | Y9: =SUM(AA9:AD9) -> 13 | Z9: =IFERROR((AA9+AC9)/Y9,"-") -> 0.84615385 | AA9: 0 | AB9: 2 | AC9: 11 | AD9: 0 | AE9: =C9 -> 前川陽来
B10: 3 | C10: ='Individual DF 1206_vs青山学院'!C10 -> イーゴリ | D10: ='Individual DF 1206_vs青山学院'!D10 -> 55 | E10: ='Individual DF 1206_vs青山学院'!E10 -> 20 | F10: ='Individual DF 1206_vs青山学院'!F10 -> 29.090909 | G10: =SUM(J10:M10) -> 2 | H10: =IFERROR((J10+K10)/SUM(J10:M10),"-") -> 1 | I10: =IFERROR(SUM(J10:L10)/SUM(J10:M10),"-") -> 1 | J10: 0 | K10: 2 | L10: 0 | M10: 0 | N10: =SUM(P10:R10) -> 7 | O10: =IFERROR((P10+Q10)/N10,"-") -> 0.85714286 | P10: 0 | Q10: 6 | R10: 1 | S10: =SUM(U10:X10) -> 10 | T10: =IFERROR((U10+W10)/S10,"-") -> 0.7 | U10: 0 | V10: 2 | W10: 7 | X10: 1 | Y10: =SUM(AA10:AD10) -> 10 | Z10: =IFERROR((AA10+AC10)/Y10,"-") -> 0.5 | AA10: 0 | AB10: 2 | AC10: 5 | AD10: 3 | AE10: =C10 -> イーゴリ
B11: 4 | C11: ='Individual DF 1206_vs青山学院'!C11 -> 磯部俊太朗 | D11: ='Individual DF 1206_vs青山学院'!D11 -> 77 | E11: ='Individual DF 1206_vs青山学院'!E11 -> 19 | F11: ='Individual DF 1206_vs青山学院'!F11 -> 19.74026 | G11: =SUM(J11:M11) -> 5 | H11: =IFERROR((J11+K11)/SUM(J11:M11),"-") -> 1 | I11: =IFERROR(SUM(J11:L11)/SUM(J11:M11),"-") -> 1 | J11: 2 | K11: 3 | L11: 0 | M11: 0 | N11: =SUM(P11:R11) -> 10 | O11: =IFERROR((P11+Q11)/N11,"-") -> 1 | P11: 1 | Q11: 9 | R11: 0 | S11: =SUM(U11:X11) -> 14 | T11: =IFERROR((U11+W11)/S11,"-") -> 0.85714286 | U11: 3 | V11: 2 | W11: 9 | X11: 0 | Y11: =SUM(AA11:AD11) -> 14 | Z11: =IFERROR((AA11+AC11)/Y11,"-") -> 0.5 | AA11: 1 | AB11: 4 | AC11: 6 | AD11: 3 | AE11: =C11 -> 磯部俊太朗
B12: 5 | C12: ='Individual DF 1206_vs青山学院'!C12 -> 白丸智乃祐 | D12: ='Individual DF 1206_vs青山学院'!D12 -> 82 | E12: ='Individual DF 1206_vs青山学院'!E12 -> 27 | F12: ='Individual DF 1206_vs青山学院'!F12 -> 26.341463 | G12: =SUM(J12:M12) -> 3 | H12: =IFERROR((J12+K12)/SUM(J12:M12),"-") -> 1 | I12: =IFERROR(SUM(J12:L12)/SUM(J12:M12),"-") -> 1 | J12: 0 | K12: 3 | L12: 0 | M12: 0 | N12: =SUM(P12:R12) -> 17 | O12: =IFERROR((P12+Q12)/N12,"-") -> 1 | P12: 2 | Q12: 15 | R12: 0 | S12: =SUM(U12:X12) -> 13 | T12: =IFERROR((U12+W12)/S12,"-") -> 1 | U12: 3 | V12: 0 | W12: 10 | X12: 0 | Y12: =SUM(AA12:AD12) -> 13 | Z12: =IFERROR((AA12+AC12)/Y12,"-") -> 0.84615385 | AA12: 2 | AB12: 1 | AC12: 9 | AD12: 1 | AE12: =C12 -> 白丸智乃祐
B13: 6 | C13: ='Individual DF 1206_vs青山学院'!C13 -> 茨木颯 | D13: ='Individual DF 1206_vs青山学院'!D13 -> 82 | E13: ='Individual DF 1206_vs青山学院'!E13 -> 32 | F13: ='Individual DF 1206_vs青山学院'!F13 -> 31.219512 | G13: =SUM(J13:M13) -> 6 | H13: =IFERROR((J13+K13)/SUM(J13:M13),"-") -> 1 | I13: =IFERROR(SUM(J13:L13)/SUM(J13:M13),"-") -> 1 | J13: 1 | K13: 5 | L13: 0 | M13: 0 | N13: =SUM(P13:R13) -> 14 | O13: =IFERROR((P13+Q13)/N13,"-") -> 0.92857143 | P13: 0 | Q13: 13 | R13: 1 | S13: =SUM(U13:X13) -> 19 | T13: =IFERROR((U13+W13)/S13,"-") -> 0.73684211 | U13: 1 | V13: 4 | W13: 13 | X13: 1 | Y13: =SUM(AA13:AD13) -> 19 | Z13: =IFERROR((AA13+AC13)/Y13,"-") -> 0.63157895 | AA13: 0 | AB13: 5 | AC13: 12 | AD13: 2 | AE13: =C13 -> 茨木颯
B14: 7 | C14: ='Individual DF 1206_vs青山学院'!C14 -> 大町尚生 | D14: ='Individual DF 1206_vs青山学院'!D14 -> 82 | E14: ='Individual DF 1206_vs青山学院'!E14 -> 39 | F14: ='Individual DF 1206_vs青山学院'!F14 -> 38.04878 | G14: =SUM(J14:M14) -> 4 | H14: =IFERROR((J14+K14)/SUM(J14:M14),"-") -> 1 | I14: =IFERROR(SUM(J14:L14)/SUM(J14:M14),"-") -> 1 | J14: 1 | K14: 3 | L14: 0 | M14: 0 | N14: =SUM(P14:R14) -> 24 | O14: =IFERROR((P14+Q14)/N14,"-") -> 0.95833333 | P14: 2 | Q14: 21 | R14: 1 | S14: =SUM(U14:X14) -> 24 | T14: =IFERROR((U14+W14)/S14,"-") -> 0.91666667 | U14: 2 | V14: 1 | W14: 20 | X14: 1 | Y14: =SUM(AA14:AD14) -> 24 | Z14: =IFERROR((AA14+AC14)/Y14,"-") -> 0.83333333 | AA14: 1 | AB14: 2 | AC14: 19 | AD14: 2 | AE14: =C14 -> 大町尚生
B15: 8 | C15: ='Individual DF 1206_vs青山学院'!C15 -> 浜浦幸太郎 | D15: ='Individual DF 1206_vs青山学院'!D15 -> 61 | E15: ='Individual DF 1206_vs青山学院'!E15 -> 28 | F15: ='Individual DF 1206_vs青山学院'!F15 -> 36.721311 | G15: =SUM(J15:M15) -> 8 | H15: =IFERROR((J15+K15)/SUM(J15:M15),"-") -> 0.875 | I15: =IFERROR(SUM(J15:L15)/SUM(J15:M15),"-") -> 1 | J15: 2 | K15: 5 | L15: 1 | M15: 0 | N15: =SUM(P15:R15) -> 10 | O15: =IFERROR((P15+Q15)/N15,"-") -> 0.9 | P15: 1 | Q15: 8 | R15: 1 | S15: =SUM(U15:X15) -> 15 | T15: =IFERROR((U15+W15)/S15,"-") -> 0.73333333 | U15: 6 | V15: 2 | W15: 5 | X15: 2 | Y15: =SUM(AA15:AD15) -> 15 | Z15: =IFERROR((AA15+AC15)/Y15,"-") -> 0.4 | AA15: 1 | AB15: 7 | AC15: 5 | AD15: 2 | AE15: =C15 -> 浜浦幸太郎
B16: 9 | C16: ='Individual DF 1206_vs青山学院'!C16 -> 高橋佑太朗 | D16: ='Individual DF 1206_vs青山学院'!D16 -> 70 | E16: ='Individual DF 1206_vs青山学院'!E16 -> 4 | F16: ='Individual DF 1206_vs青山学院'!F16 -> 4.5714286 | G16: =SUM(J16:M16) -> 1 | H16: =IFERROR((J16+K16)/SUM(J16:M16),"-") -> 1 | I16: =IFERROR(SUM(J16:L16)/SUM(J16:M16),"-") -> 1 | J16: 0 | K16: 1 | L16: 0 | M16: 0 | N16: =SUM(P16:R16) -> 2 | O16: =IFERROR((P16+Q16)/N16,"-") -> 1 | P16: 0 | Q16: 2 | R16: 0 | S16: =SUM(U16:X16) -> 2 | T16: =IFERROR((U16+W16)/S16,"-") -> 1 | U16: 1 | V16: 0 | W16: 1 | X16: 0 | Y16: =SUM(AA16:AD16) -> 2 | Z16: =IFERROR((AA16+AC16)/Y16,"-") -> 0.5 | AA16: 0 | AB16: 1 | AC16: 1 | AD16: 0 | AE16: =C16 -> 高橋佑太朗
B17: 10 | C17: ='Individual DF 1206_vs青山学院'!C17 -> 楢本幹志朗 | D17: ='Individual DF 1206_vs青山学院'!D17 -> 82 | E17: ='Individual DF 1206_vs青山学院'!E17 -> 8 | F17: ='Individual DF 1206_vs青山学院'!F17 -> 7.804878 | G17: =SUM(J17:M17) -> 6 | H17: =IFERROR((J17+K17)/SUM(J17:M17),"-") -> 0.66666667 | I17: =IFERROR(SUM(J17:L17)/SUM(J17:M17),"-") -> 0.66666667 | J17: 1 | K17: 3 | L17: 0 | M17: 2 | N17: =SUM(P17:R17) -> 0 | O17: =IFERROR((P17+Q17)/N17,"-") -> - | P17: 0 | Q17: 0 | R17: 0 | S17: =SUM(U17:X17) -> 3 | T17: =IFERROR((U17+W17)/S17,"-") -> 0.33333333 | U17: 1 | V17: 2 | W17: 0 | X17: 0 | Y17: =SUM(AA17:AD17) -> 3 | Z17: =IFERROR((AA17+AC17)/Y17,"-") -> 0 | AA17: 0 | AB17: 3 | AC17: 0 | AD17: 0 | AE17: =C17 -> 楢本幹志朗
B18: 11 | C18: ='Individual DF 1206_vs青山学院'!C18 -> 林勇太 | D18: ='Individual DF 1206_vs青山学院'!D18 -> 77 | E18: ='Individual DF 1206_vs青山学院'!E18 -> 17 | F18: ='Individual DF 1206_vs青山学院'!F18 -> 17.662338 | G18: =SUM(J18:M18) -> 6 | H18: =IFERROR((J18+K18)/SUM(J18:M18),"-") -> 0.83333333 | I18: =IFERROR(SUM(J18:L18)/SUM(J18:M18),"-") -> 0.83333333 | J18: 3 | K18: 2 | L18: 0 | M18: 1 | N18: =SUM(P18:R18) -> 8 | O18: =IFERROR((P18+Q18)/N18,"-") -> 1 | P18: 1 | Q18: 7 | R18: 0 | S18: =SUM(U18:X18) -> 10 | T18: =IFERROR((U18+W18)/S18,"-") -> 0.9 | U18: 5 | V18: 1 | W18: 4 | X18: 0 | Y18: =SUM(AA18:AD18) -> 10 | Z18: =IFERROR((AA18+AC18)/Y18,"-") -> 0.6 | AA18: 2 | AB18: 4 | AC18: 4 | AD18: 0 | AE18: =C18 -> 林勇太
B19: 12 | C19: ='Individual DF 1206_vs青山学院'!C19 -> 朴大優 | D19: ='Individual DF 1206_vs青山学院'!D19 -> 82 | E19: ='Individual DF 1206_vs青山学院'!E19 -> 27 | F19: ='Individual DF 1206_vs青山学院'!F19 -> 26.341463 | G19: =SUM(J19:M19) -> 5 | H19: =IFERROR((J19+K19)/SUM(J19:M19),"-") -> 1 | I19: =IFERROR(SUM(J19:L19)/SUM(J19:M19),"-") -> 1 | J19: 1 | K19: 4 | L19: 0 | M19: 0 | N19: =SUM(P19:R19) -> 13 | O19: =IFERROR((P19+Q19)/N19,"-") -> 0.92307692 | P19: 0 | Q19: 12 | R19: 1 | S19: =SUM(U19:X19) -> 18 | T19: =IFERROR((U19+W19)/S19,"-") -> 0.88888889 | U19: 3 | V19: 1 | W19: 13 | X19: 1 | Y19: =SUM(AA19:AD19) -> 18 | Z19: =IFERROR((AA19+AC19)/Y19,"-") -> 0.77777778 | AA19: 1 | AB19: 3 | AC19: 13 | AD19: 1 | AE19: =C19 -> 朴大優
... B30: 23 | C30: ='Individual DF 1206_vs青山学院'!C30 -> 今村颯汰 | D30: ='Individual DF 1206_vs青山学院'!D30 -> 5 | E30: ='Individual DF 1206_vs青山学院'!E30 -> 2 | F30: ='Individual DF 1206_vs青山学院'!F30 -> 32 | G30: =SUM(J30:M30) -> 0 | H30: =IFERROR((J30+K30)/SUM(J30:M30),"-") -> - | I30: =IFERROR(SUM(J30:L30)/SUM(J30:M30),"-") -> - | J30: 0 | K30: 0 | L30: 0 | M30: 0 | N30: =SUM(P30:R30) -> 2 | O30: =IFERROR((P30+Q30)/N30,"-") -> 1 | P30: 0 | Q30: 2 | R30: 0 | S30: =SUM(U30:X30) -> 2 | T30: =IFERROR((U30+W30)/S30,"-") -> 1 | U30: 0 | V30: 0 | W30: 2 | X30: 0 | Y30: =SUM(AA30:AD30) -> 2 | Z30: =IFERROR((AA30+AC30)/Y30,"-") -> 1 | AA30: 0 | AB30: 0 | AC30: 2 | AD30: 0 | AE30: =C30 -> 今村颯汰
B32: FW Total | G32: =SUM(G8:G15,G23:G27) -> 46 | H32: =SUM(J32:K32)/G32 -> 0.95652174 | I32: =SUM(J32:L32)/G32 -> 1 | J32: =SUM(J8:J15,J23:J27) -> 8 | K32: =SUM(K8:K15,K23:K27) -> 36 | L32: =SUM(L8:L15,L23:L27) -> 2 | M32: =SUM(M8:M15,M23:M27) -> 0 | N32: =SUM(N8:N15,N23:N27) -> 128 | O32: =IFERROR((P32+Q32)/N32,"-") -> 0.953125 | P32: =SUM(P8:P15,P23:P27) -> 10 | Q32: =SUM(Q8:Q15,Q23:Q27) -> 112 | R32: =SUM(R8:R15,R23:R27) -> 6 | S32: =SUM(S8:S15,S23:S27) -> 152 | T32: =(U32+W32)/S32 -> 0.86842105 | U32: =SUM(U8:U15,U23:U27) -> 28 | V32: =SUM(V8:V15,V23:V27) -> 13 | W32: =SUM(W8:W15,W23:W27) -> 104 | X32: =SUM(X8:X15,X23:X27) -> 7 | Y32: =SUM(Y8:Y15,Y23:Y27) -> 152 | Z32: =(AA32+AC32)/Y32 -> 0.70394737 | AA32: =SUM(AA8:AA15,AA23:AA27) -> 13 | AB32: =SUM(AB8:AB15,AB23:AB27) -> 28 | AC32: =SUM(AC8:AC15,AC23:AC27) -> 94 | AD32: =SUM(AD8:AD15,AD23:AD27) -> 17 | AE32: FW Total
B33: BK Total | G33: =SUM(G16:G22,G28:G30) -> 30 | H33: =SUM(J33:K33)/G33 -> 0.83333333 | I33: =SUM(J33:L33)/G33 -> 0.86666667 | J33: =SUM(J16:J22,J28:J30) -> 10 | K33: =SUM(K16:K22,K28:K30) -> 15 | L33: =SUM(L16:L22,L28:L30) -> 1 | M33: =SUM(M16:M22,M28:M30) -> 4 | N33: =SUM(N16:N22,N28:N30) -> 48 | O33: =IFERROR((P33+Q33)/N33,"-") -> 0.95833333 | P33: =SUM(P16:P22,P28:P30) -> 4 | Q33: =SUM(Q16:Q22,Q28:Q30) -> 42 | R33: =SUM(R16:R22,R28:R30) -> 2 | S33: =SUM(S16:S22,S28:S30) -> 68 | T33: =(U33+W33)/S33 -> 0.86764706 | U33: =SUM(U16:U22,U28:U30) -> 18 | V33: =SUM(V16:V22,V28:V30) -> 7 | W33: =SUM(W16:W22,W28:W30) -> 41 | X33: =SUM(X16:X22,X28:X30) -> 2 | Y33: =SUM(Y16:Y22,Y28:Y30) -> 68 | Z33: =(AA33+AC33)/Y33 -> 0.64705882 | AA33: =SUM(AA16:AA22,AA28:AA30) -> 6 | AB33: =SUM(AB16:AB22,AB28:AB30) -> 19 | AC33: =SUM(AC16:AC22,AC28:AC30) -> 38 | AD33: =SUM(AD16:AD22,AD28:AD30) -> 5 | AE33: BK Total
B34: Team Total | G34: =SUM(G8:G30) -> 76 | H34: =SUM(J34:K34)/G34 -> 0.90789474 | I34: =SUM(J34:L34)/G34 -> 0.94736842 | J34: =SUM(J8:J30) -> 18 | K34: =SUM(K8:K30) -> 51 | L34: =SUM(L8:L30) -> 3 | M34: =SUM(M8:M30) -> 4 | N34: =SUM(N8:N30) -> 176 | O34: =IFERROR((P34+Q34)/N34,"-") -> 0.95454545 | P34: =SUM(P8:P30) -> 14 | Q34: =SUM(Q8:Q30) -> 154 | R34: =SUM(R8:R30) -> 8 | S34: =SUM(S8:S30) -> 220 | T34: =(U34+W34)/S34 -> 0.86818182 | U34: =SUM(U8:U30) -> 46 | V34: =SUM(V8:V30) -> 20 | W34: =SUM(W8:W30) -> 145 | X34: =SUM(X8:X30) -> 9 | Y34: =SUM(Y8:Y30) -> 220 | Z34: =(AA34+AC34)/Y34 -> 0.68636364 | AA34: =SUM(AA8:AA30) -> 19 | AB34: =SUM(AB8:AB30) -> 47 | AC34: =SUM(AC8:AC30) -> 132 | AD34: =SUM(AD8:AD30) -> 22 | AE34: Team Total
B35: Team Average | G35: =AVERAGE(G8:G30) -> 3.3043478 | J35: =AVERAGE(J8:J30) -> 0.7826087 | K35: =AVERAGE(K8:K30) -> 2.2173913 | L35: =AVERAGE(L8:L30) -> 0.13043478 | M35: =AVERAGE(M8:M30) -> 0.17391304 | P35: =AVERAGE(P8:P30) -> 0.60869565 | Q35: =AVERAGE(Q8:Q30) -> 6.6956522 | R35: =AVERAGE(R8:R30) -> 0.34782609 | S35: =AVERAGE(S8:S30) -> 9.5652174 | U35: =AVERAGE(U8:U30) -> 2 | V35: =AVERAGE(V8:V30) -> 0.86956522 | W35: =AVERAGE(W8:W30) -> 6.3043478 | X35: =AVERAGE(X8:X30) -> 0.39130435 | Y35: =AVERAGE(Y8:Y30) -> 9.5652174 | AA35: =AVERAGE(AA8:AA30) -> 0.82608696 | AB35: =AVERAGE(AB8:AB30) -> 2.0434783 | AC35: =AVERAGE(AC8:AC30) -> 5.7391304 | AD35: =AVERAGE(AD8:AD30) -> 0.95652174 | AE35: Team Average

Sheet Set 1206_vs青山学院
A1: VS | B1: ='Summary 1206_vs青山学院'!O3 -> 青山学院大学 | L1: 試合会場 | N1: 熊谷B G | O1: 天候・G状況 晴れ | P1: 分析担当 黒澤
A3: Set Play | L3: Penalty
A4: 筑波 | C4: 総数 | D4: 獲得率 | E4: 球出し○ | F4: 球出し× | G4: 相手反則 | H4: 被TO | I4: 筑波反則 | L4: =A4 -> 筑波 | N4: 1st | Q4: 2nd
A5: SC | B5: 1st | C5: =SUM(E5:I5) -> 2 | D5: =(E5+F5+G5)/C5 -> 0.5 | E5: 1 | I5: 1 | L5: 名前 | M5: AT | N5: 内容 | Q5: FW | R5: AT | S5: 内容
B6: 2nd | C6: =SUM(E6:I6) -> 3 | D6: =(E6+F6+G6)/C6 -> 1 | E6: 1 | F6: 1 | G6: 1 | L6: 浜浦 | M6: AT | N6: オーバーザトップ
B7: Total | C7: =SUM(E7:J7) -> 5 | D7: =(E7+F7+G7)/C7 -> 0.8 | E7: =E5+E6 -> 2 | F7: =F5+F6 -> 1 | G7: =G5+G6 -> 1 | H7: =H5+H6 -> 0 | I7: =I5+I6 -> 1 | L7: FW | M7: AT | N7: コラプシング
J8: NS | L8: 大町 | M8: DF | N8: ノーバインドタックル
A9: LO | B9: 1st | C9: =SUM(E9:J9) -> 8 | D9: =(E9+F9+G9)/C9 -> 0.875 | E9: 6 | F9: 1 | H9: 1
B10: 2nd | C10: =SUM(E10:J10) -> 9 | D10: =(E10+F10+G10)/C10 -> 0.88888889 | E10: 7 | F10: 1 | I10: 1
B11: Total | C11: =SUM(E11:J11) -> 17 | D11: =(E11+F11+G11)/C11 -> 0.88235294 | E11: =E9+E10 -> 13 | F11: =F9+F10 -> 2 | G11: =G9+G10 -> 0 | H11: =H9+H10 -> 1 | I11: =I9+I10 -> 1 | J11: =J9+J10 -> 0
A14: =B1 -> 青山学院大学 | C14: 総数 | D14: 獲得率 | E14: 球出し○ | F14: 球出し× | G14: 筑波反則 | H14: TO | I14: 相手反則
A15: SC | B15: 1st | C15: =SUM(E15:I15) -> 2 | D15: =(E15+F15+G15)/C15 -> 1 | E15: 1 | G15: 1
B16: 2nd | C16: =SUM(E16:I16) -> 3 | D16: =(E16+F16+G16)/C16 -> 0.66666667 | E16: 1 | F16: 1 | I16: 1 | L16: =B1 -> 青山学院大学 | N16: 1st
B17: Total | C17: =SUM(E17:I17) -> 5 | D17: =(E17+F17+G17)/C17 -> 0.8 | E17: =E15+E16 -> 2 | F17: =F15+F16 -> 1 | G17: =G15+G16 -> 1 | H17: =H15+H16 -> 0 | I17: =I15+I16 -> 1 | M17: AT | N17: ゲートオフサイド | R17: DF | S17: ラインオフサイド
J18: コンテスト | M18: DF | N18: ゲートオフサイド | R18: AT | S18: ノットリリースザボール
A19: LO | B19: 1st | C19: =SUM(E19:I19) -> 9 | D19: =(E19+F19+G19)/C19 -> 0.66666667 | E19: 4 | G19: 2 | H19: 3 | J19: 5 | M19: AT | N19: ヘッドアップ | R19: AT | S19: コラプシング
B20: 2nd | C20: =SUM(E20:I20) -> 2 | D20: =(E20+F20+G20)/C20 -> 0.5 | E20: 1 | H20: 1 | J20: 1 | R20: DF | S20: イリーガルホイール
B21: Total | C21: =SUM(E21:I21) -> 11 | D21: =(E21+F21+G21)/C21 -> 0.63636364 | E21: =E19+E20 -> 5 | F21: =F19+F20 -> 0 | G21: =G19+G20 -> 2 | H21: =H19+H20 -> 4 | I21: =I19+I20 -> 0 | J21: =J19+J20 -> 6 | R21: AT | S21: コラプシング | Z21: ]
H22: コンテスト率 | J22: =J21/C21 -> 0.54545455 | R22: DF | S22: オフサイド
L27: Handling Error
L28: =A30 -> 筑波 | N28: 1st | Q28: 2nd
A29: Possession lost | L29: 林 | M29: AT | N29: ノックオン | Q29: 朴 | R29: AT | S29: ノックオン
A30: 筑波 | C30: 1st | E30: 2nd | G30: Total | I30: ％ | L30: 茨木 | M30: AT | N30: ノックオン | Q30: 茨木 | R30: AT | S30: ノックオン
A31: Set | C31: 2 | E31: 1 | G31: =C31+E31 -> 3 | I31: =G31/G37 -> 0.1 | L31: 東島 | M31: AT | N31: ノックオン | Q31: 朴 | R31: AT | S31: ノックオン
A32: Ruck & Maul | C32: 2 | E32: 3 | G32: =C32+E32 -> 5 | I32: =G32/G37 -> 0.16666667
A33: Handling Error | C33: 3 | E33: 3 | G33: =C33+E33 -> 6 | I33: =G33/G37 -> 0.2
A34: Kick | C34: 11 | E34: 5 | G34: =C34+E34 -> 16 | I34: =G34/G37 -> 0.53333333
A35: Others | C35: 0 | E35: 0 | G35: =C35+E35 -> 0 | I35: =G35/G37 -> 0
G37: =SUM(G31:H35) -> 30
A38: =B1 -> 青山学院大学 | C38: 1st | E38: 2nd | G38: Total | I38: ％ | L38: =B1 -> 青山学院大学 | N38: 1st | Q38: 2nd
A39: Set | C39: 4 | E39: 3 | G39: =C39+E39 -> 7 | I39: =G39/H44 -> 0.22580645 | M39: AT | N39: ノックオン | R39: AT | S39: ノックオン
A40: Ruck & Maul | C40: 1 | E40: 1 | G40: =C40+E40 -> 2 | I40: =G40/H44 -> 0.064516129
A41: Handling Error | C41: 1 | E41: 1 | G41: =C41+E41 -> 2 | I41: =G41/H44 -> 0.064516129
A42: Kick | C42: 9 | E42: 7 | G42: =C42+E42 -> 16 | I42: =G42/H44 -> 0.51612903
A43: Others | C43: 2 | E43: 2 | G43: =C43+E43 -> 4 | I43: =G43/H44 -> 0.12903226
H44: =SUM(G39:H43) -> 31

Sheet Summary 1122_vs立教
D3: 筑波大学 | I3: 64 | K3: - | M3: 3 | O3: 立教大学 | U3: 11月22日 | Y3: 秩父宮ラグビー場 | AC3: 14:00 Kick Off | AG3: 高良 旭
D5: Contact AT STATS | U5: Contact DF STATS
D7: Team Stats | U7: Team Stats
D9: ゲイン | J9: 継続 | P9: B2 | U9: タックル | Y9: Defeat | AC9: Contest | AG9: ゲイン
E14: =E17 -> 17 | F14: =G17-E17 -> 23 | K14: =K17 -> 56 | L14: =M17-K17 -> 14 | Q14: =Q17 -> 7 | R14: =S17-Q17 -> 46 | V14: =V17 -> 175 | W14: =X17-V17 -> 9 | Z14: =Z17 -> 5 | AA14: =AB17-Z17 -> 179 | AD14: =AD17 -> 39 | AE14: =AF17-AD17 -> 54 | AH14: =AH17 -> 46 | AI14: =AJ17-AH17 -> 22
D16: =E17/G17 -> 0.425 | J16: =K17/M17 -> 0.8 | P16: =Q17/S17 -> 0.13207547 | U16: =V17/X17 -> 0.95108696 | Y16: =Z17/AB17 -> 0.027173913 | AC16: =AD17/AF17 -> 0.41935484 | AG16: =AH17/AJ17 -> 0.67647059
D17: 成功 | E17: =J22+M22+P22 -> 17 | F17: 母数 | G17: =J23+M23+P23 -> 40 | J17: 成功 | K17: =J26+M26+P26+S26 -> 56 | L17: 母数 | M17: =J27+M27+P27+S27 -> 70 | P17: 成功 | Q17: =M30 -> 7 | R17: 母数 | S17: =M31 -> 53 | U17: 成功 | V17: ='Individual DF 1122_vs立教'!K34+'Individual DF 1122_vs立教'!L34+'Individual DF 1122_vs立教'!T34+'Individual DF 1122_vs立教'!U34 -> 175 | W17: 母数 | X17: ='Individual DF 1122_vs立教'!G34 -> 184 | Y17: 成功 | Z17: ='Individual DF 1122_vs立教'!K34+'Individual DF 1122_vs立教'!T34 -> 5 | AA17: 母数 | AB17: ='Individual DF 1122_vs立教'!G34 -> 184 | AC17: 成功 | AD17: 39 | AE17: 母数 | AF17: 93 | AG17: 成功 | AH17: 46 | AI17: 母数 | AJ17: 68
D19: Detail Stats | U19: Detail Stats
D21: ゲイン | H21: 9Shape | K21: 10Shape | N21: LineAttack | Q21: Line Atatack(1phase) | U21: タックル | Y21: FW | AB21: BK
G22: 成功 | H22: =J22/J23 -> 0.10526316 | J22: 2 | K22: =M22/M23 -> 0.33333333 | M22: 1 | N22: =P22/P23 -> 0.77777778 | P22: 14 | Q22: ー | S22: - | X22: 成功 | Y22: =AA22/AA23 -> 0.95384615 | AA22: ='Individual DF 1122_vs立教'!K32+'Individual DF 1122_vs立教'!L32+'Individual DF 1122_vs立教'!T32+'Individual DF 1122_vs立教'!U32 -> 124 | AB22: =AD22/AD23 -> 0.94444444 | AD22: ='Individual DF 1122_vs立教'!K33+'Individual DF 1122_vs立教'!L33+'Individual DF 1122_vs立教'!T33+'Individual DF 1122_vs立教'!U33 -> 51
G23: 母数 | J23: 19 | M23: 3 | P23: 18 | S23: - | X23: 母数 | AA23: ='Individual DF 1122_vs立教'!G32 -> 130 | AD23: ='Individual DF 1122_vs立教'!G33 -> 54
D25: 継続 | H25: 9Shape | K25: 10Shape | N25: LineAttack | Q25: Line Atatack(1phase) | U25: Defeat | Y25: FW | AB25: BK
G26: 成功 | H26: =J26/J27 -> 0.94736842 | J26: 18 | K26: =M26/M27 -> 0.66666667 | M26: 2 | N26: =P26/P27 -> 0.61111111 | P26: 11 | Q26: =S26/S27 -> 0.83333333 | S26: 25 | X26: 成功 | Y26: =AA26/AA27 -> 0.015384615 | AA26: ='Individual DF 1122_vs立教'!K32+'Individual DF 1122_vs立教'!T32 -> 2 | AB26: =AD26/AD27 -> 0.055555556 | AD26: ='Individual DF 1122_vs立教'!K33+'Individual DF 1122_vs立教'!T33 -> 3
G27: 母数 | J27: 19 | M27: 3 | P27: 18 | S27: 30 | X27: 母数 | AA27: ='Individual DF 1122_vs立教'!G32 -> 130 | AD27: ='Individual DF 1122_vs立教'!G33 -> 54
D29: B2,3 | H29: B3 | K29: B2 | N29: - | Q29: -
G30: 成功 | H30: =J30/J31 -> 0.45283019 | J30: 24 | K30: =M30/M31 -> 0.13207547 | M30: 7 | N30: - | P30: - | Q30: - | S30: -
G31: 母数 | J31: 53 | M31: 53 | P31: - | S31: -
D34: Set Play Stats
D36: SC Stats | U36: LO Stats
D38: SC | L38: SC マイボールキープ率 | U38: LO | AC38: LO マイボールキープ率
H39: =D3 -> 筑波大学 | J39: ='Set 1122_vs立教'!C7 -> 7 | L39: =D3 -> 筑波大学 | P39: =O3 -> 立教大学 | Y39: =D3 -> 筑波大学 | AA39: ='Set 1122_vs立教'!C11 -> 15 | AC39: =D3 -> 筑波大学 | AG39: =O3 -> 立教大学
L41: ='Set 1122_vs立教'!D7 -> 0.71428571 | P41: ='Set 1122_vs立教'!D17 -> 0.81818182 | AC41: ='Set 1122_vs立教'!D11 -> 1 | AG41: ='Set 1122_vs立教'!D21 -> 0.61538462
H42: =O3 -> 立教大学 | J42: ='Set 1122_vs立教'!C17 -> 11 | Y42: =O3 -> 立教大学 | AA42: ='Set 1122_vs立教'!C21 -> 13
E43: =J39 -> 7 | F43: =J42 -> 11 | V43: =AA39 -> 15 | W43: =AA42 -> 13
H45: Total | J45: =J39+J42 -> 18 | Y45: Total | AA45: =AA39+AA42 -> 28
D46: =J39/J45 -> 0.38888889 | U46: =AA39/AA45 -> 0.53571429

Sheet Individual DF　1122_vs立教
B2: vs | C2: ='Summary 1122_vs立教'!O3 -> 立教大学 | F2: Individual DF Stats | V2: 分析担当 | Z2: Tackle | AB2: 中矢陸
B4: Team Stats | E4: 総タックル | H4: =G34 -> 184 | J4: Defeat成功率 | M4: =(K34+T34)/G34 -> 0.027173913 | O4: タックル成功率 | R4: =SUM(K34:L34,T34:U34)/G34 -> 0.95108696 | U4: リアクション | X4: 1st | AA4: =SUM(O34:P34)/SUM(K34:L34) -> 0.67708333 | AB4: Assist | AE4: =SUM(X32:Y32)/SUM(T32:U32) -> 0.73584906
I6: 1st Tackle | N6: 1st Tackle Reaction | R6: Assist Tackle | W6: Assist Tackle Reaction | AA6: BD Works
D7: 出場時間 | E7: プレー総数 | F7: プレー換算値 | G7: タックル数 | H7: ％ | I7: 合計 | J7: ％ | K7: ◎ Defeat | L7: ○ 倒す | M7: × 失敗 | N7: % | O7: ファイト | P7: リロード | Q7: × | R7: 合計 | S7: ％ | T7: ◎ Defeat | U7: ○ 倒す | V7: × 失敗 | W7: % | X7: ファイト | Y7: リロード | Z7: × | AA7: 合計 | AB7: % | AC7: Jackal,Jerk | AD7: Pressure | AE7: BD Work × | AF7: 選手名
B8: 1 | C8: 湯浅大心 | D8: 49 | E8: =G8+AA8+'Individual AT 1122_vs立教'!G8+'Individual AT 1122_vs立教'!N8 -> 26 | F8: =IFERROR(E8/D8*80,"-") -> 42.44898 | G8: =I8+R8 -> 17 | H8: =IFERROR((K8+L8+T8+U8)/G8,"-") -> 1 | I8: =SUM(K8:M8) -> 10 | J8: =IFERROR((K8+L8)/I8,"-") -> 1 | K8: 0 | L8: 10 | M8: 0 | N8: =IFERROR((O8+P8)/I8,"-") -> 0.4 | O8: 0 | P8: 4 | Q8: 6 | R8: =SUM(T8:V8) -> 7 | S8: =IFERROR((T8+U8)/R8,"-") -> 1 | T8: 0 | U8: 7 | V8: 0 | W8: =IFERROR((X8+Y8)/R8,"-") -> 0.85714286 | X8: 3 | Y8: 3 | Z8: 1 | AA8: 0 | AB8: =IFERROR((AC8+AD8)/AA8,"-") -> - | AC8: 1 | AD8: 1 | AE8: 0 | AF8: =C8 -> 湯浅大心
B9: 2 | C9: 前川陽来 | D9: 64 | E9: =G9+AA9+'Individual AT 1122_vs立教'!G9+'Individual AT 1122_vs立教'!N9 -> 33 | F9: =IFERROR(E9/D9*80,"-") -> 41.25 | G9: =I9+R9 -> 17 | H9: =IFERROR((K9+L9+T9+U9)/G9,"-") -> 1 | I9: =SUM(K9:M9) -> 10 | J9: =IFERROR((K9+L9)/I9,"-") -> 1 | K9: 0 | L9: 10 | M9: 0 | N9: =IFERROR((O9+P9)/I9,"-") -> 0.7 | O9: 2 | P9: 5 | Q9: 3 | R9: =SUM(T9:V9) -> 7 | S9: =IFERROR((T9+U9)/R9,"-") -> 1 | T9: 0 | U9: 7 | V9: 0 | W9: =IFERROR((X9+Y9)/R9,"-") -> 0.57142857 | X9: 2 | Y9: 2 | Z9: 3 | AA9: =SUM(AC9:AE9) -> 2 | AB9: =IFERROR((AC9+AD9)/AA9,"-") -> 1 | AC9: 1 | AD9: 1 | AE9: 0 | AF9: =C9 -> 前川陽来
B10: 3 | C10: イーゴリ | D10: 64 | E10: =G10+AA10+'Individual AT 1122_vs立教'!G10+'Individual AT 1122_vs立教'!N10 -> 27 | F10: =IFERROR(E10/D10*80,"-") -> 33.75 | G10: =I10+R10 -> 11 | H10: =IFERROR((K10+L10+T10+U10)/G10,"-") -> 0.90909091 | I10: =SUM(K10:M10) -> 5 | J10: =IFERROR((K10+L10)/I10,"-") -> 1 | K10: 0 | L10: 5 | M10: 0 | N10: =IFERROR((O10+P10)/I10,"-") -> 0.8 | O10: 1 | P10: 3 | Q10: 1 | R10: =SUM(T10:V10) -> 6 | S10: =IFERROR((T10+U10)/R10,"-") -> 0.83333333 | T10: 0 | U10: 5 | V10: 1 | W10: =IFERROR((X10+Y10)/R10,"-") -> 0.83333333 | X10: 0 | Y10: 5 | Z10: 1 | AA10: =SUM(AC10:AE10) -> 1 | AB10: =IFERROR((AC10+AD10)/AA10,"-") -> 0 | AC10: 0 | AD10: 0 | AE10: 1 | AF10: =C10 -> イーゴリ
B11: 4 | C11: 磯部俊太朗 | D11: 84 | E11: =G11+AA11+'Individual AT 1122_vs立教'!G11+'Individual AT 1122_vs立教'!N11 -> 33 | F11: =IFERROR(E11/D11*80,"-") -> 31.428571 | G11: =I11+R11 -> 17 | H11: =IFERROR((K11+L11+T11+U11)/G11,"-") -> 0.94117647 | I11: =SUM(K11:M11) -> 7 | J11: =IFERROR((K11+L11)/I11,"-") -> 1 | K11: 0 | L11: 7 | M11: 0 | N11: =IFERROR((O11+P11)/I11,"-") -> 0.85714286 | O11: 2 | P11: 4 | Q11: 1 | R11: =SUM(T11:V11) -> 10 | S11: =IFERROR((T11+U11)/R11,"-") -> 0.9 | T11: 0 | U11: 9 | V11: 1 | W11: =IFERROR((X11+Y11)/R11,"-") -> 0.6 | X11: 1 | Y11: 5 | Z11: 3 | AA11: =SUM(AC11:AE11) -> 0 | AB11: =IFERROR((AC11+AD11)/AA11,"-") -> - | AC11: 0 | AD11: 0 | AE11: 0 | AF11: =C11 -> 磯部俊太朗
B12: 5 | C12: 白丸智乃祐 | D12: 84 | E12: =G12+AA12+'Individual AT 1122_vs立教'!G12+'Individual AT 1122_vs立教'!N12 -> 39 | F12: =IFERROR(E12/D12*80,"-") -> 37.142857 | G12: =I12+R12 -> 19 | H12: =IFERROR((K12+L12+T12+U12)/G12,"-") -> 0.89473684 | I12: =SUM(K12:M12) -> 10 | J12: =IFERROR((K12+L12)/I12,"-") -> 0.9 | K12: 0 | L12: 9 | M12: 1 | N12: =IFERROR((O12+P12)/I12,"-") -> 0.5 | O12: 2 | P12: 3 | Q12: 4 | R12: =SUM(T12:V12) -> 9 | S12: =IFERROR((T12+U12)/R12,"-") -> 0.88888889 | T12: 1 | U12: 7 | V12: 1 | W12: =IFERROR((X12+Y12)/R12,"-") -> 0.44444444 | X12: 0 | Y12: 4 | Z12: 4 | AA12: =SUM(AC12:AE12) -> 7 | AB12: =IFERROR((AC12+AD12)/AA12,"-") -> 0.71428571 | AC12: 2 | AD12: 3 | AE12: 2 | AF12: =C12 -> 白丸智乃祐
B13: 6 | C13: 髙木海斗 | D13: 84 | E13: =G13+AA13+'Individual AT 1122_vs立教'!G13+'Individual AT 1122_vs立教'!N13 -> 36 | F13: =IFERROR(E13/D13*80,"-") -> 34.285714 | G13: =I13+R13 -> 12 | H13: =IFERROR((K13+L13+T13+U13)/G13,"-") -> 1 | I13: =SUM(K13:M13) -> 9 | J13: =IFERROR((K13+L13)/I13,"-") -> 1 | K13: 0 | L13: 9 | M13: 0 | N13: =IFERROR((O13+P13)/I13,"-") -> 0.66666667 | O13: 1 | P13: 5 | Q13: 3 | R13: =SUM(T13:V13) -> 3 | S13: =IFERROR((T13+U13)/R13,"-") -> 1 | T13: 0 | U13: 3 | V13: 0 | W13: =IFERROR((X13+Y13)/R13,"-") -> 1 | X13: 1 | Y13: 2 | Z13: 0 | AA13: =SUM(AC13:AE13) -> 2 | AB13: =IFERROR((AC13+AD13)/AA13,"-") -> 1 | AC13: 0 | AD13: 2 | AE13: 0 | AF13: =C13 -> 髙木海斗
B14: 7 | C14: 中森真翔 | D14: 33 | E14: =G14+AA14+'Individual AT 1122_vs立教'!G14+'Individual AT 1122_vs立教'!N14 -> 11 | F14: =IFERROR(E14/D14*80,"-") -> 26.666667 | G14: =I14+R14 -> 6 | H14: =IFERROR((K14+L14+T14+U14)/G14,"-") -> 0.83333333 | I14: =SUM(K14:M14) -> 5 | J14: =IFERROR((K14+L14)/I14,"-") -> 0.8 | K14: 1 | L14: 3 | M14: 1 | N14: =IFERROR((O14+P14)/I14,"-") -> 0.8 | O14: 1 | P14: 3 | Q14: 0 | R14: =SUM(T14:V14) -> 1 | S14: =IFERROR((T14+U14)/R14,"-") -> 1 | T14: 0 | U14: 1 | V14: 0 | W14: =IFERROR((X14+Y14)/R14,"-") -> 1 | X14: 0 | Y14: 1 | Z14: 0 | AA14: =SUM(AC14:AE14) -> 0 | AB14: =IFERROR((AC14+AD14)/AA14,"-") -> - | AC14: 0 | AD14: 0 | AE14: 0 | AF14: =C14 -> 中森真翔
B15: 8 | C15: 大町尚生 | D15: 73 | E15: =G15+AA15+'Individual AT 1122_vs立教'!G15+'Individual AT 1122_vs立教'!N15 -> 24 | F15: =IFERROR(E15/D15*80,"-") -> 26.30137 | G15: =I15+R15 -> 11 | H15: =IFERROR((K15+L15+T15+U15)/G15,"-") -> 1 | I15: =SUM(K15:M15) -> 7 | J15: =IFERROR((K15+L15)/I15,"-") -> 1 | K15: 0 | L15: 7 | M15: 0 | N15: =IFERROR((O15+P15)/I15,"-") -> 0.42857143 | O15: 1 | P15: 2 | Q15: 4 | R15: =SUM(T15:V15) -> 4 | S15: =IFERROR((T15+U15)/R15,"-") -> 1 | T15: 0 | U15: 4 | V15: 0 | W15: =IFERROR((X15+Y15)/R15,"-") -> 0.75 | X15: 0 | Y15: 3 | Z15: 1 | AA15: =SUM(AC15:AE15) -> 1 | AB15: =IFERROR((AC15+AD15)/AA15,"-") -> 1 | AC15: 1 | AD15: 0 | AE15: 0 | AF15: =C15 -> 大町尚生
B16: 9 | C16: 高橋佑太朗 | D16: 72 | E16: =G16+AA16+'Individual AT 1122_vs立教'!G16+'Individual AT 1122_vs立教'!N16 -> 5 | F16: =IFERROR(E16/D16*80,"-") -> 5.5555556 | G16: =I16+R16 -> 3 | H16: =IFERROR((K16+L16+T16+U16)/G16,"-") -> 1 | I16: =SUM(K16:M16) -> 2 | J16: =IFERROR((K16+L16)/I16,"-") -> 1 | K16: 0 | L16: 2 | M16: 0 | N16: =IFERROR((O16+P16)/I16,"-") -> 0.5 | O16: 0 | P16: 1 | Q16: 1 | R16: =SUM(T16:V16) -> 1 | S16: =IFERROR((T16+U16)/R16,"-") -> 1 | T16: 1 | U16: 0 | V16: 0 | W16: =IFERROR((X16+Y16)/R16,"-") -> 0 | X16: 0 | Y16: 0 | Z16: 1 | AA16: =SUM(AC16:AE16) -> 1 | AB16: =IFERROR((AC16+AD16)/AA16,"-") -> 0 | AC16: 0 | AD16: 0 | AE16: 1 | AF16: =C16 -> 高橋佑太朗
B17: 10 | C17: 楢本幹志朗 | D17: 84 | E17: =G17+AA17+'Individual AT 1122_vs立教'!G17+'Individual AT 1122_vs立教'!N17 -> 6 | F17: =IFERROR(E17/D17*80,"-") -> 5.7142857 | G17: =I17+R17 -> 4 | H17: =IFERROR((K17+L17+T17+U17)/G17,"-") -> 1 | I17: =SUM(K17:M17) -> 3 | J17: =IFERROR((K17+L17)/I17,"-") -> 1 | K17: 1 | L17: 2 | M17: 0 | N17: =IFERROR((O17+P17)/I17,"-") -> 1 | O17: 0 | P17: 3 | Q17: 0 | R17: =SUM(T17:V17) -> 1 | S17: =IFERROR((T17+U17)/R17,"-") -> 1 | T17: 0 | U17: 1 | V17: 0 | W17: =IFERROR((X17+Y17)/R17,"-") -> 0 | X17: 0 | Y17: 0 | Z17: 1 | AA17: =SUM(AC17:AE17) -> 1 | AB17: =IFERROR((AC17+AD17)/AA17,"-") -> 1 | AC17: 0 | AD17: 1 | AE17: 0 | AF17: =C17 -> 楢本幹志朗
B18: 11 | C18: 内田慎乃甫 | D18: 64 | E18: =G18+AA18+'Individual AT 1122_vs立教'!G18+'Individual AT 1122_vs立教'!N18 -> 16 | F18: =IFERROR(E18/D18*80,"-") -> 20 | G18: =I18+R18 -> 8 | H18: =IFERROR((K18+L18+T18+U18)/G18,"-") -> 0.875 | I18: =SUM(K18:M18) -> 6 | J18: =IFERROR((K18+L18)/I18,"-") -> 0.83333333 | K18: 0 | L18: 5 | M18: 1 | N18: =IFERROR((O18+P18)/I18,"-") -> 0.66666667 | O18: 1 | P18: 3 | Q18: 1 | R18: =SUM(T18:V18) -> 2 | S18: =IFERROR((T18+U18)/R18,"-") -> 1 | T18: 0 | U18: 2 | V18: 0 | W18: =IFERROR((X18+Y18)/R18,"-") -> 0.5 | X18: 0 | Y18: 1 | Z18: 1 | AA18: =SUM(AC18:AE18) -> 0 | AB18: =IFERROR((AC18+AD18)/AA18,"-") -> - | AC18: 0 | AD18: 0 | AE18: 0 | AF18: =C18 -> 内田慎乃甫
B19: 12 | C19: 大内田陽冬 | D19: 84 | E19: =G19+AA19+'Individual AT 1122_vs立教'!G19+'Individual AT 1122_vs立教'!N19 -> 35 | F19: =IFERROR(E19/D19*80,"-") -> 33.333333 | G19: =I19+R19 -> 13 | H19: =IFERROR((K19+L19+T19+U19)/G19,"-") -> 1 | I19: =SUM(K19:M19) -> 5 | J19: =IFERROR((K19+L19)/I19,"-") -> 1 | K19: 0 | L19: 5 | M19: 0 | N19: =IFERROR((O19+P19)/I19,"-") -> 0.8 | O19: 1 | P19: 3 | Q19: 1 | R19: =SUM(T19:V19) -> 8 | S19: =IFERROR((T19+U19)/R19,"-") -> 1 | T19: 0 | U19: 8 | V19: 0 | W19: =IFERROR((X19+Y19)/R19,"-") -> 0.875 | X19: 2 | Y19: 5 | Z19: 1 | AA19: =SUM(AC19:AE19) -> 2 | AB19: =IFERROR((AC19+AD19)/AA19,"-") -> 0.5 | AC19: 0 | AD19: 1 | AE19: 1 | AF19: =C19 -> 大内田陽冬
B20: 13 | C20: 東島和哉 | D20: 26 | E20: =G20+AA20+'Individual AT 1122_vs立教'!G20+'Individual AT 1122_vs立教'!N20 -> 10 | F20: =IFERROR(E20/D20*80,"-") -> 30.769231 | G20: =I20+R20 -> 7 | H20: =IFERROR((K20+L20+T20+U20)/G20,"-") -> 1 | I20: =SUM(K20:M20) -> 0 | J20: =IFERROR((K20+L20)/I20,"-") -> - | K20: 0 | L20: 0 | M20: 0 | N20: =IFERROR((O20+P20)/I20,"-") -> - | O20: 0 | P20: 0 | Q20: 0 | R20: =SUM(T20:V20) -> 7 | S20: =IFERROR((T20+U20)/R20,"-") -> 1 | T20: 0 | U20: 7 | V20: 0 | W20: =IFERROR((X20+Y20)/R20,"-") -> 0.71428571 | X20: 0 | Y20: 5 | Z20: 2 | AA20: =SUM(AC20:AE20) -> 1 | AB20: =IFERROR((AC20+AD20)/AA20,"-") -> 1 | AC20: 0 | AD20: 1 | AE20: 0 | AF20: =C20 -> 東島和哉
... B30: 23 | C30: 朴大優 | D30: 58 | E30: =G30+AA30+'Individual AT 1122_vs立教'!G30+'Individual AT 1122_vs立教'!N30 -> 20 | F30: =IFERROR(E30/D30*80,"-") -> 27.586207 | G30: =I30+R30 -> 4 | H30: =IFERROR((K30+L30+T30+U30)/G30,"-") -> 1 | I30: =SUM(K30:M30) -> 1 | J30: =IFERROR((K30+L30)/I30,"-") -> 1 | K30: 1 | L30: 0 | M30: 0 | N30: =IFERROR((O30+P30)/I30,"-") -> 0 | O30: 0 | P30: 0 | Q30: 1 | R30: =SUM(T30:V30) -> 3 | S30: =IFERROR((T30+U30)/R30,"-") -> 1 | T30: 0 | U30: 3 | V30: 0 | W30: =IFERROR((X30+Y30)/R30,"-") -> 0.66666667 | X30: 1 | Y30: 1 | Z30: 1 | AA30: =SUM(AC30:AE30) -> 2 | AB30: =IFERROR((AC30+AD30)/AA30,"-") -> 1 | AC30: 1 | AD30: 1 | AE30: 0 | AF30: =C30 -> 朴大優
B32: FW Total | G32: =SUM(G8:G15,G23:G27) -> 130 | I32: =SUM(I8:I15,I23:I27) -> 74 | J32: =SUM(K32:L32)/I32 -> 0.95945946 | K32: =SUM(K8:K15,K23:K27) -> 1 | L32: =SUM(L8:L15,L23:L27) -> 70 | M32: =SUM(M8:M15,M23:M27) -> 3 | N32: =SUM(O32:P32)/I32 -> 0.62162162 | O32: =SUM(O8:O15,O23:O27) -> 11 | P32: =SUM(P8:P15,P23:P27) -> 35 | Q32: =SUM(Q8:Q15,Q23:Q27) -> 25 | R32: =SUM(R8:R15,R23:R27) -> 56 | S32: =SUM(T32:U32)/R32 -> 0.94642857 | T32: =SUM(T8:T15,T23:T27) -> 1 | U32: =SUM(U8:U15,U23:U27) -> 52 | V32: =SUM(V8:V15,V23:V27) -> 3 | W32: =SUM(X32:Y32)/SUM(X32:Z32) -> 0.72222222 | X32: =SUM(X8:X15,X23:X27) -> 9 | Y32: =SUM(Y8:Y15,Y23:Y27) -> 30 | Z32: =SUM(Z8:Z15,Z23:Z27) -> 15 | AA32: =SUM(AA8:AA15,AA23:AA27) -> 18 | AB32: =SUM(AC32:AD32)/SUM(AC32:AE32) -> 0.8 | AC32: =SUM(AC8:AC15,AC23:AC27) -> 7 | AD32: =SUM(AD8:AD15,AD23:AD27) -> 9 | AE32: =SUM(AE8:AE15,AE23:AE27) -> 4 | AF32: FW Total
B33: BK Total | G33: =SUM(G16:G22,G28:G30) -> 54 | I33: =SUM(I16:I22,I28:I30) -> 28 | J33: =SUM(K33:L33)/I33 -> 0.89285714 | K33: =SUM(K16:K22,K28:K30) -> 2 | L33: =SUM(L16:L22,L28:L30) -> 23 | M33: =SUM(M16:M22,M28:M30) -> 3 | N33: =SUM(O33:P33)/I33 -> 0.67857143 | O33: =SUM(O16:O22,O28:O30) -> 3 | P33: =SUM(P16:P22,P28:P30) -> 16 | Q33: =SUM(Q16:Q22,Q28:Q30) -> 6 | R33: =SUM(R16:R22,R28:R30) -> 26 | S33: =SUM(T33:U33)/R33 -> 1 | T33: =SUM(T16:T22,T28:T30) -> 1 | U33: =SUM(U16:U22,U28:U30) -> 25 | V33: =SUM(V16:V22,V28:V30) -> 0 | W33: =SUM(X33:Y33)/SUM(X33:Z33) -> 0.73076923 | X33: =SUM(X16:X22,X28:X30) -> 5 | Y33: =SUM(Y16:Y22,Y28:Y30) -> 14 | Z33: =SUM(Z16:Z22,Z28:Z30) -> 7 | AA33: =SUM(AA16:AA22,AA28:AA30) -> 10 | AB33: =SUM(AC33:AD33)/SUM(AC33:AE33) -> 0.7 | AC33: =SUM(AC16:AC22,AC28:AC30) -> 2 | AD33: =SUM(AD16:AD22,AD28:AD30) -> 5 | AE33: =SUM(AE16:AE22,AE28:AE30) -> 3 | AF33: BK Total
B34: Team Total | G34: =SUM(G8:G30) -> 184 | I34: =SUM(I8:I30) -> 102 | J34: =SUM(K34:L34)/I34 -> 0.94117647 | K34: =SUM(K8:K30) -> 3 | L34: =SUM(L8:L30) -> 93 | M34: =SUM(M8:M30) -> 6 | N34: =SUM(O34:P34)/I34 -> 0.6372549 | O34: =SUM(O8:O30) -> 14 | P34: =SUM(P8:P30) -> 51 | Q34: =SUM(Q8:Q30) -> 31 | R34: =SUM(R8:R30) -> 82 | S34: =SUM(T34:U34)/R34 -> 0.96341463 | T34: =SUM(T8:T30) -> 2 | U34: =SUM(U8:U30) -> 77 | V34: =SUM(V8:V30) -> 3 | W34: =SUM(X34:Y34)/SUM(X34:Z34) -> 0.725 | X34: =SUM(X8:X30) -> 14 | Y34: =SUM(Y8:Y30) -> 44 | Z34: =SUM(Z8:Z30) -> 22 | AA34: =SUM(AA8:AA30) -> 28 | AB34: =SUM(AC34:AD34)/SUM(AC34:AE34) -> 0.76666667 | AC34: =SUM(AC8:AC30) -> 9 | AD34: =SUM(AD8:AD30) -> 14 | AE34: =SUM(AE8:AE30) -> 7 | AF34: Team Total
B35: Team Average | G35: =AVERAGE(G8:G30) -> 8 | I35: =AVERAGE(I8:I30) -> 4.4347826 | K35: =AVERAGE(K8:K30) -> 0.13043478 | L35: =AVERAGE(L8:L30) -> 4.0434783 | M35: =AVERAGE(M8:M30) -> 0.26086957 | O35: =AVERAGE(O8:O30) -> 0.60869565 | P35: =AVERAGE(P8:P30) -> 2.2173913 | Q35: =AVERAGE(Q8:Q30) -> 1.3478261 | R35: =AVERAGE(R8:R30) -> 3.5652174 | T35: =AVERAGE(T8:T30) -> 0.086956522 | U35: =AVERAGE(U8:U30) -> 3.3478261 | V35: =AVERAGE(V8:V30) -> 0.13043478 | X35: =AVERAGE(X8:X30) -> 0.60869565 | Y35: =AVERAGE(Y8:Y30) -> 1.9130435 | Z35: =AVERAGE(Z8:Z30) -> 0.95652174 | AA35: =AVERAGE(AA8:AA30) -> 1.2173913 | AC35: =AVERAGE(AC8:AC30) -> 0.39130435 | AD35: =AVERAGE(AD8:AD30) -> 0.60869565 | AE35: =AVERAGE(AE8:AE30) -> 0.30434783 | AF35: Team Average

Sheet Individual AT 1122_vs立教
B2: vs | C2: ='Summary 1122_vs立教'!O3 -> 立教大学 | F2: Individual AT Stats | O2: 分析担当 | S2: 表 | U2: 加藤颯人 | Y2: B2,3 | AA2: 中矢陸
B4: Team Stats | E4: Body Ball Control | J4: =H34 -> 0.89552239 | N4: Support | R4: =O34 -> 0.94776119 | U4: B3 | X4: =T34 -> 0.76646707 | Z4: B2 | AC4: =Z34 -> 0.53293413
G6: Carrier Contact | N6: Support | S6: B3 | Y6: B2
D7: 出場時間 | E7: プレー総数 | F7: プレー換算値 | G7: 合計 | H7: Good/Stay ％ | I7: BB% | J7: Gain◎ | K7: Stay○ | L7: 後退△ | M7: Lost× | N7: 合計 | O7: ％ | P7: EXELLENT◎ | Q7: GOOD○ | R7: BAD× | S7: 合計 | T7: ％ | U7: Carrier○ | V7: Carrier× | W7: Support○ | X7: Support× | Y7: 合計 | Z7: ％ | AA7: Carrier○ | AB7: Carrier× | AC7: Support○ | AD7: Support× | AE7: 選手名
B8: 1 | C8: ='Individual DF 1122_vs立教'!C8 -> 湯浅大心 | D8: ='Individual DF 1122_vs立教'!D8 -> 49 | E8: ='Individual DF 1122_vs立教'!E8 -> 26 | F8: ='Individual DF 1122_vs立教'!F8 -> 42.44898 | G8: =SUM(J8:M8) -> 4 | H8: =IFERROR((J8+K8)/SUM(J8:M8),"-") -> 0.75 | I8: =IFERROR(SUM(J8:L8)/SUM(J8:M8),"-") -> 0.75 | J8: 0 | K8: 3 | L8: 0 | M8: 1 | N8: =SUM(P8:R8) -> 5 | O8: =IFERROR((P8+Q8)/N8,"-") -> 1 | P8: 1 | Q8: 4 | R8: 0 | S8: =SUM(U8:X8) -> 6 | T8: =IFERROR((U8+W8)/S8,"-") -> 0.66666667 | U8: 0 | V8: 2 | W8: 4 | X8: 0 | Y8: =SUM(AA8:AD8) -> 6 | Z8: =IFERROR((AA8+AC8)/Y8,"-") -> 0.66666667 | AA8: 0 | AB8: 2 | AC8: 4 | AD8: 0 | AE8: =C8 -> 湯浅大心
B9: 2 | C9: ='Individual DF 1122_vs立教'!C9 -> 前川陽来 | D9: ='Individual DF 1122_vs立教'!D9 -> 64 | E9: ='Individual DF 1122_vs立教'!E9 -> 33 | F9: ='Individual DF 1122_vs立教'!F9 -> 41.25 | G9: =SUM(J9:M9) -> 3 | H9: =IFERROR((J9+K9)/SUM(J9:M9),"-") -> 1 | I9: =IFERROR(SUM(J9:L9)/SUM(J9:M9),"-") -> 1 | J9: 0 | K9: 3 | L9: 0 | M9: 0 | N9: =SUM(P9:R9) -> 11 | O9: =IFERROR((P9+Q9)/N9,"-") -> 1 | P9: 1 | Q9: 10 | R9: 0 | S9: =SUM(U9:X9) -> 13 | T9: =IFERROR((U9+W9)/S9,"-") -> 0.92307692 | U9: 1 | V9: 1 | W9: 11 | X9: 0 | Y9: =SUM(AA9:AD9) -> 13 | Z9: =IFERROR((AA9+AC9)/Y9,"-") -> 0.69230769 | AA9: 0 | AB9: 2 | AC9: 9 | AD9: 2 | AE9: =C9 -> 前川陽来
B10: 3 | C10: ='Individual DF 1122_vs立教'!C10 -> イーゴリ | D10: ='Individual DF 1122_vs立教'!D10 -> 64 | E10: ='Individual DF 1122_vs立教'!E10 -> 27 | F10: ='Individual DF 1122_vs立教'!F10 -> 33.75 | G10: =SUM(J10:M10) -> 4 | H10: =IFERROR((J10+K10)/SUM(J10:M10),"-") -> 1 | I10: =IFERROR(SUM(J10:L10)/SUM(J10:M10),"-") -> 1 | J10: 0 | K10: 4 | L10: 0 | M10: 0 | N10: =SUM(P10:R10) -> 11 | O10: =IFERROR((P10+Q10)/N10,"-") -> 1 | P10: 0 | Q10: 11 | R10: 0 | S10: =SUM(U10:X10) -> 14 | T10: =IFERROR((U10+W10)/S10,"-") -> 0.71428571 | U10: 0 | V10: 4 | W10: 10 | X10: 0 | Y10: =SUM(AA10:AD10) -> 14 | Z10: =IFERROR((AA10+AC10)/Y10,"-") -> 0.64285714 | AA10: 0 | AB10: 4 | AC10: 9 | AD10: 1 | AE10: =C10 -> イーゴリ
B11: 4 | C11: ='Individual DF 1122_vs立教'!C11 -> 磯部俊太朗 | D11: ='Individual DF 1122_vs立教'!D11 -> 84 | E11: ='Individual DF 1122_vs立教'!E11 -> 33 | F11: ='Individual DF 1122_vs立教'!F11 -> 31.428571 | G11: =SUM(J11:M11) -> 3 | H11: =IFERROR((J11+K11)/SUM(J11:M11),"-") -> 1 | I11: =IFERROR(SUM(J11:L11)/SUM(J11:M11),"-") -> 1 | J11: 0 | K11: 3 | L11: 0 | M11: 0 | N11: =SUM(P11:R11) -> 13 | O11: =IFERROR((P11+Q11)/N11,"-") -> 0.92307692 | P11: 1 | Q11: 11 | R11: 1 | S11: =SUM(U11:X11) -> 13 | T11: =IFERROR((U11+W11)/S11,"-") -> 0.76923077 | U11: 0 | V11: 1 | W11: 10 | X11: 2 | Y11: =SUM(AA11:AD11) -> 13 | Z11: =IFERROR((AA11+AC11)/Y11,"-") -> 0.38461538 | AA11: 0 | AB11: 1 | AC11: 5 | AD11: 7 | AE11: =C11 -> 磯部俊太朗
B12: 5 | C12: ='Individual DF 1122_vs立教'!C12 -> 白丸智乃祐 | D12: ='Individual DF 1122_vs立教'!D12 -> 84 | E12: ='Individual DF 1122_vs立教'!E12 -> 39 | F12: ='Individual DF 1122_vs立教'!F12 -> 37.142857 | G12: =SUM(J12:M12) -> 3 | H12: =IFERROR((J12+K12)/SUM(J12:M12),"-") -> 1 | I12: =IFERROR(SUM(J12:L12)/SUM(J12:M12),"-") -> 1 | J12: 0 | K12: 3 | L12: 0 | M12: 0 | N12: =SUM(P12:R12) -> 10 | O12: =IFERROR((P12+Q12)/N12,"-") -> 1 | P12: 0 | Q12: 10 | R12: 0 | S12: =SUM(U12:X12) -> 11 | T12: =IFERROR((U12+W12)/S12,"-") -> 0.72727273 | U12: 1 | V12: 2 | W12: 7 | X12: 1 | Y12: =SUM(AA12:AD12) -> 11 | Z12: =IFERROR((AA12+AC12)/Y12,"-") -> 0.54545455 | AA12: 1 | AB12: 2 | AC12: 5 | AD12: 3 | AE12: =C12 -> 白丸智乃祐
B13: 6 | C13: ='Individual DF 1122_vs立教'!C13 -> 髙木海斗 | D13: ='Individual DF 1122_vs立教'!D13 -> 84 | E13: ='Individual DF 1122_vs立教'!E13 -> 36 | F13: ='Individual DF 1122_vs立教'!F13 -> 34.285714 | G13: =SUM(J13:M13) -> 1 | H13: =IFERROR((J13+K13)/SUM(J13:M13),"-") -> 1 | I13: =IFERROR(SUM(J13:L13)/SUM(J13:M13),"-") -> 1 | J13: 0 | K13: 1 | L13: 0 | M13: 0 | N13: =SUM(P13:R13) -> 21 | O13: =IFERROR((P13+Q13)/N13,"-") -> 0.95238095 | P13: 1 | Q13: 19 | R13: 1 | S13: =SUM(U13:X13) -> 19 | T13: =IFERROR((U13+W13)/S13,"-") -> 0.89473684 | U13: 0 | V13: 1 | W13: 17 | X13: 1 | Y13: =SUM(AA13:AD13) -> 19 | Z13: =IFERROR((AA13+AC13)/Y13,"-") -> 0.57894737 | AA13: 0 | AB13: 1 | AC13: 11 | AD13: 7 | AE13: =C13 -> 髙木海斗
B14: 7 | C14: ='Individual DF 1122_vs立教'!C14 -> 中森真翔 | D14: ='Individual DF 1122_vs立教'!D14 -> 33 | E14: ='Individual DF 1122_vs立教'!E14 -> 11 | F14: ='Individual DF 1122_vs立教'!F14 -> 26.666667 | G14: =SUM(J14:M14) -> 1 | H14: =IFERROR((J14+K14)/SUM(J14:M14),"-") -> 1 | I14: =IFERROR(SUM(J14:L14)/SUM(J14:M14),"-") -> 1 | J14: 0 | K14: 1 | L14: 0 | M14: 0 | N14: =SUM(P14:R14) -> 4 | O14: =IFERROR((P14+Q14)/N14,"-") -> 1 | P14: 0 | Q14: 4 | R14: 0 | S14: =SUM(U14:X14) -> 5 | T14: =IFERROR((U14+W14)/S14,"-") -> 0.8 | U14: 1 | V14: 0 | W14: 3 | X14: 1 | Y14: =SUM(AA14:AD14) -> 5 | Z14: =IFERROR((AA14+AC14)/Y14,"-") -> 0.6 | AA14: 1 | AB14: 0 | AC14: 2 | AD14: 2 | AE14: =C14 -> 中森真翔
B15: 8 | C15: ='Individual DF 1122_vs立教'!C15 -> 大町尚生 | D15: ='Individual DF 1122_vs立教'!D15 -> 73 | E15: ='Individual DF 1122_vs立教'!E15 -> 24 | F15: ='Individual DF 1122_vs立教'!F15 -> 26.30137 | G15: =SUM(J15:M15) -> 4 | H15: =IFERROR((J15+K15)/SUM(J15:M15),"-") -> 1 | I15: =IFERROR(SUM(J15:L15)/SUM(J15:M15),"-") -> 1 | J15: 0 | K15: 4 | L15: 0 | M15: 0 | N15: =SUM(P15:R15) -> 8 | O15: =IFERROR((P15+Q15)/N15,"-") -> 1 | P15: 0 | Q15: 8 | R15: 0 | S15: =SUM(U15:X15) -> 12 | T15: =IFERROR((U15+W15)/S15,"-") -> 0.75 | U15: 1 | V15: 3 | W15: 8 | X15: 0 | Y15: =SUM(AA15:AD15) -> 12 | Z15: =IFERROR((AA15+AC15)/Y15,"-") -> 0.41666667 | AA15: 0 | AB15: 4 | AC15: 5 | AD15: 3 | AE15: =C15 -> 大町尚生
B16: 9 | C16: ='Individual DF 1122_vs立教'!C16 -> 高橋佑太朗 | D16: ='Individual DF 1122_vs立教'!D16 -> 72 | E16: ='Individual DF 1122_vs立教'!E16 -> 5 | F16: ='Individual DF 1122_vs立教'!F16 -> 5.5555556 | G16: =SUM(J16:M16) -> 0 | H16: =IFERROR((J16+K16)/SUM(J16:M16),"-") -> - | I16: =IFERROR(SUM(J16:L16)/SUM(J16:M16),"-") -> - | J16: 0 | K16: 0 | L16: 0 | M16: 0 | N16: =SUM(P16:R16) -> 1 | O16: =IFERROR((P16+Q16)/N16,"-") -> 1 | P16: 0 | Q16: 1 | R16: 0 | S16: =SUM(U16:X16) -> 1 | T16: =IFERROR((U16+W16)/S16,"-") -> 1 | U16: 0 | V16: 0 | W16: 1 | X16: 0 | Y16: =SUM(AA16:AD16) -> 1 | Z16: =IFERROR((AA16+AC16)/Y16,"-") -> 1 | AA16: 0 | AB16: 0 | AC16: 1 | AD16: 0 | AE16: =C16 -> 高橋佑太朗
B17: 10 | C17: ='Individual DF 1122_vs立教'!C17 -> 楢本幹志朗 | D17: ='Individual DF 1122_vs立教'!D17 -> 84 | E17: ='Individual DF 1122_vs立教'!E17 -> 6 | F17: ='Individual DF 1122_vs立教'!F17 -> 5.7142857 | G17: =SUM(J17:M17) -> 1 | H17: =IFERROR((J17+K17)/SUM(J17:M17),"-") -> 1 | I17: =IFERROR(SUM(J17:L17)/SUM(J17:M17),"-") -> 1 | J17: 0 | K17: 1 | L17: 0 | M17: 0 | N17: =SUM(P17:R17) -> 0 | O17: =IFERROR((P17+Q17)/N17,"-") -> - | P17: 0 | Q17: 0 | R17: 0 | S17: =SUM(U17:X17) -> 0 | T17: =IFERROR((U17+W17)/S17,"-") -> - | U17: 0 | V17: 0 | W17: 0 | X17: 0 | Y17: =SUM(AA17:AD17) -> 0 | Z17: =IFERROR((AA17+AC17)/Y17,"-") -> - | AA17: 0 | AB17: 0 | AC17: 0 | AD17: 0 | AE17: =C17 -> 楢本幹志朗
B18: 11 | C18: ='Individual DF 1122_vs立教'!C18 -> 内田慎乃甫 | D18: ='Individual DF 1122_vs立教'!D18 -> 64 | E18: ='Individual DF 1122_vs立教'!E18 -> 16 | F18: ='Individual DF 1122_vs立教'!F18 -> 20 | G18: =SUM(J18:M18) -> 3 | H18: =IFERROR((J18+K18)/SUM(J18:M18),"-") -> 0.66666667 | I18: =IFERROR(SUM(J18:L18)/SUM(J18:M18),"-") -> 1 | J18: 0 | K18: 2 | L18: 1 | M18: 0 | N18: =SUM(P18:R18) -> 5 | O18: =IFERROR((P18+Q18)/N18,"-") -> 0.8 | P18: 0 | Q18: 4 | R18: 1 | S18: =SUM(U18:X18) -> 7 | T18: =IFERROR((U18+W18)/S18,"-") -> 0.42857143 | U18: 0 | V18: 3 | W18: 3 | X18: 1 | Y18: =SUM(AA18:AD18) -> 7 | Z18: =IFERROR((AA18+AC18)/Y18,"-") -> 0.42857143 | AA18: 0 | AB18: 3 | AC18: 3 | AD18: 1 | AE18: =C18 -> 内田慎乃甫
B19: 12 | C19: ='Individual DF 1122_vs立教'!C19 -> 大内田陽冬 | D19: ='Individual DF 1122_vs立教'!D19 -> 84 | E19: ='Individual DF 1122_vs立教'!E19 -> 35 | F19: ='Individual DF 1122_vs立教'!F19 -> 33.333333 | G19: =SUM(J19:M19) -> 12 | H19: =IFERROR((J19+K19)/SUM(J19:M19),"-") -> 0.91666667 | I19: =IFERROR(SUM(J19:L19)/SUM(J19:M19),"-") -> 1 | J19: 3 | K19: 8 | L19: 1 | M19: 0 | N19: =SUM(P19:R19) -> 8 | O19: =IFERROR((P19+Q19)/N19,"-") -> 1 | P19: 0 | Q19: 8 | R19: 0 | S19: =SUM(U19:X19) -> 18 | T19: =IFERROR((U19+W19)/S19,"-") -> 0.77777778 | U19: 10 | V19: 3 | W19: 4 | X19: 1 | Y19: =SUM(AA19:AD19) -> 18 | Z19: =IFERROR((AA19+AC19)/Y19,"-") -> 0.38888889 | AA19: 3 | AB19: 10 | AC19: 4 | AD19: 1 | AE19: =C19 -> 大内田陽冬
... B30: 23 | C30: ='Individual DF 1122_vs立教'!C30 -> 朴大優 | D30: ='Individual DF 1122_vs立教'!D30 -> 58 | E30: ='Individual DF 1122_vs立教'!E30 -> 20 | F30: ='Individual DF 1122_vs立教'!F30 -> 27.586207 | G30: =SUM(J30:M30) -> 6 | H30: =IFERROR((J30+K30)/SUM(J30:M30),"-") -> 0.5 | I30: =IFERROR(SUM(J30:L30)/SUM(J30:M30),"-") -> 0.5 | J30: 0 | K30: 3 | L30: 0 | M30: 3 | N30: =SUM(P30:R30) -> 8 | O30: =IFERROR((P30+Q30)/N30,"-") -> 1 | P30: 0 | Q30: 8 | R30: 0 | S30: =SUM(U30:X30) -> 11 | T30: =IFERROR((U30+W30)/S30,"-") -> 0.81818182 | U30: 1 | V30: 1 | W30: 8 | X30: 1 | Y30: =SUM(AA30:AD30) -> 11 | Z30: =IFERROR((AA30+AC30)/Y30,"-") -> 0.63636364 | AA30: 0 | AB30: 2 | AC30: 7 | AD30: 2 | AE30: =C30 -> 朴大優
B32: FW Total | G32: =SUM(G8:G15,G23:G27) -> 36 | H32: =SUM(J32:K32)/G32 -> 0.97222222 | I32: =SUM(J32:L32)/G32 -> 0.97222222 | J32: =SUM(J8:J15,J23:J27) -> 1 | K32: =SUM(K8:K15,K23:K27) -> 34 | L32: =SUM(L8:L15,L23:L27) -> 0 | M32: =SUM(M8:M15,M23:M27) -> 1 | N32: =SUM(N8:N15,N23:N27) -> 97 | O32: =IFERROR((P32+Q32)/N32,"-") -> 0.94845361 | P32: =SUM(P8:P15,P23:P27) -> 4 | Q32: =SUM(Q8:Q15,Q23:Q27) -> 88 | R32: =SUM(R8:R15,R23:R27) -> 5 | S32: =SUM(S8:S15,S23:S27) -> 112 | T32: =(U32+W32)/S32 -> 0.75892857 | U32: =SUM(U8:U15,U23:U27) -> 7 | V32: =SUM(V8:V15,V23:V27) -> 22 | W32: =SUM(W8:W15,W23:W27) -> 78 | X32: =SUM(X8:X15,X23:X27) -> 5 | Y32: =SUM(Y8:Y15,Y23:Y27) -> 112 | Z32: =(AA32+AC32)/Y32 -> 0.53571429 | AA32: =SUM(AA8:AA15,AA23:AA27) -> 3 | AB32: =SUM(AB8:AB15,AB23:AB27) -> 26 | AC32: =SUM(AC8:AC15,AC23:AC27) -> 57 | AD32: =SUM(AD8:AD15,AD23:AD27) -> 26 | AE32: FW Total
B33: BK Total | G33: =SUM(G16:G22,G28:G30) -> 31 | H33: =SUM(J33:K33)/G33 -> 0.80645161 | I33: =SUM(J33:L33)/G33 -> 0.87096774 | J33: =SUM(J16:J22,J28:J30) -> 4 | K33: =SUM(K16:K22,K28:K30) -> 21 | L33: =SUM(L16:L22,L28:L30) -> 2 | M33: =SUM(M16:M22,M28:M30) -> 4 | N33: =SUM(N16:N22,N28:N30) -> 37 | O33: =IFERROR((P33+Q33)/N33,"-") -> 0.94594595 | P33: =SUM(P16:P22,P28:P30) -> 1 | Q33: =SUM(Q16:Q22,Q28:Q30) -> 34 | R33: =SUM(R16:R22,R28:R30) -> 2 | S33: =SUM(S16:S22,S28:S30) -> 55 | T33: =(U33+W33)/S33 -> 0.78181818 | U33: =SUM(U16:U22,U28:U30) -> 16 | V33: =SUM(V16:V22,V28:V30) -> 8 | W33: =SUM(W16:W22,W28:W30) -> 27 | X33: =SUM(X16:X22,X28:X30) -> 4 | Y33: =SUM(Y16:Y22,Y28:Y30) -> 55 | Z33: =(AA33+AC33)/Y33 -> 0.52727273 | AA33: =SUM(AA16:AA22,AA28:AA30) -> 4 | AB33: =SUM(AB16:AB22,AB28:AB30) -> 20 | AC33: =SUM(AC16:AC22,AC28:AC30) -> 25 | AD33: =SUM(AD16:AD22,AD28:AD30) -> 6 | AE33: BK Total
B34: Team Total | G34: =SUM(G8:G30) -> 67 | H34: =SUM(J34:K34)/G34 -> 0.89552239 | I34: =SUM(J34:L34)/G34 -> 0.92537313 | J34: =SUM(J8:J30) -> 5 | K34: =SUM(K8:K30) -> 55 | L34: =SUM(L8:L30) -> 2 | M34: =SUM(M8:M30) -> 5 | N34: =SUM(N8:N30) -> 134 | O34: =IFERROR((P34+Q34)/N34,"-") -> 0.94776119 | P34: =SUM(P8:P30) -> 5 | Q34: =SUM(Q8:Q30) -> 122 | R34: =SUM(R8:R30) -> 7 | S34: =SUM(S8:S30) -> 167 | T34: =(U34+W34)/S34 -> 0.76646707 | U34: =SUM(U8:U30) -> 23 | V34: =SUM(V8:V30) -> 30 | W34: =SUM(W8:W30) -> 105 | X34: =SUM(X8:X30) -> 9 | Y34: =SUM(Y8:Y30) -> 167 | Z34: =(AA34+AC34)/Y34 -> 0.53293413 | AA34: =SUM(AA8:AA30) -> 7 | AB34: =SUM(AB8:AB30) -> 46 | AC34: =SUM(AC8:AC30) -> 82 | AD34: =SUM(AD8:AD30) -> 32 | AE34: Team Total
B35: Team Average | G35: =AVERAGE(G8:G30) -> 2.9130435 | J35: =AVERAGE(J8:J30) -> 0.2173913 | K35: =AVERAGE(K8:K30) -> 2.3913043 | L35: =AVERAGE(L8:L30) -> 0.086956522 | M35: =AVERAGE(M8:M30) -> 0.2173913 | P35: =AVERAGE(P8:P30) -> 0.2173913 | Q35: =AVERAGE(Q8:Q30) -> 5.3043478 | R35: =AVERAGE(R8:R30) -> 0.30434783 | S35: =AVERAGE(S8:S30) -> 7.2608696 | U35: =AVERAGE(U8:U30) -> 1 | V35: =AVERAGE(V8:V30) -> 1.3043478 | W35: =AVERAGE(W8:W30) -> 4.5652174 | X35: =AVERAGE(X8:X30) -> 0.39130435 | Y35: =AVERAGE(Y8:Y30) -> 7.2608696 | AA35: =AVERAGE(AA8:AA30) -> 0.30434783 | AB35: =AVERAGE(AB8:AB30) -> 2 | AC35: =AVERAGE(AC8:AC30) -> 3.5652174 | AD35: =AVERAGE(AD8:AD30) -> 1.3913043 | AE35: Team Average

Sheet Set 1122_vs立教
A1: VS | B1: ='Summary 1122_vs立教'!O3 -> 立教大学 | L1: 試合会場 | N1: 秩父宮ラグビー場 | O1: 天候・G状況 晴れ | P1: 分析担当 小澤
A3: Set Play | L3: Penalty
A4: 筑波 | C4: 総数 | D4: 獲得率 | E4: 球出し○ | F4: 球出し× | G4: 相手反則 | H4: 被TO | I4: 筑波反則 | L4: =A4 -> 筑波 | N4: 1st | Q4: 2nd
A5: SC | B5: 1st | C5: =SUM(E5:I5) -> 2 | D5: =(E5+F5+G5)/C5 -> 0.5 | E5: 1 | F5: 0 | G5: 0 | H5: 0 | I5: 1 | L5: 名前 | M5: AT | N5: 内容 | Q5: FW | R5: AT | S5: 内容
B6: 2nd | C6: =SUM(E6:I6) -> 5 | D6: =(E6+F6+G6)/C6 -> 0.8 | E6: 3 | F6: 0 | G6: 1 | H6: 0 | I6: 1 | L6: FW | M6: AT | N6: SCコラプシング | Q6: 磯部 | R6: DF | S6: ゲートオフサイド
B7: Total | C7: =SUM(E7:J7) -> 7 | D7: =(E7+F7+G7)/C7 -> 0.71428571 | E7: =E5+E6 -> 4 | F7: =F5+F6 -> 0 | G7: =G5+G6 -> 1 | H7: =H5+H6 -> 0 | I7: =I5+I6 -> 2 | L7: FW | M7: DF | N7: SCコラプシング | Q7: FW | R7: AT | S7: SCコラプシング
J8: NS | L8: 白丸 | M8: DF | N8: ラインオフサイド
A9: LO | B9: 1st | C9: =SUM(E9:J9) -> 7 | D9: =(E9+F9+G9)/C9 -> 1 | E9: 7 | F9: 0 | G9: 0 | H9: 0 | I9: 0 | J9: 0 | L9: FW | M9: DF | N9: SCコラプシング
B10: 2nd | C10: =SUM(E10:J10) -> 8 | D10: =(E10+F10+G10)/C10 -> 1 | E10: 8 | F10: 0 | G10: 0 | H10: 0 | I10: 0 | J10: 0 | L10: 白丸 | M10: DF | N10: ゲートオフサイド
B11: Total | C11: =SUM(E11:J11) -> 15 | D11: =(E11+F11+G11)/C11 -> 1 | E11: =E9+E10 -> 15 | F11: =F9+F10 -> 0 | G11: =G9+G10 -> 0 | H11: =H9+H10 -> 0 | I11: =I9+I10 -> 0 | J11: =J9+J10 -> 0
A14: =B1 -> 立教大学 | C14: 総数 | D14: 獲得率 | E14: 球出し○ | F14: 球出し× | G14: 筑波反則 | H14: TO | I14: 相手反則
A15: SC | B15: 1st | C15: =SUM(E15:I15) -> 6 | D15: =(E15+F15+G15)/C15 -> 0.83333333 | E15: 3 | F15: 0 | G15: 2 | H15: 0 | I15: 1
B16: 2nd | C16: =SUM(E16:I16) -> 5 | D16: =(E16+F16+G16)/C16 -> 0.8 | E16: 3 | F16: 1 | G16: 0 | H16: 0 | I16: 1 | L16: =B1 -> 立教大学 | N16: 1st
B17: Total | C17: =SUM(E17:I17) -> 11 | D17: =(E17+F17+G17)/C17 -> 0.81818182 | E17: =E15+E16 -> 6 | F17: =F15+F16 -> 1 | G17: =G15+G16 -> 2 | H17: =H15+H16 -> 0 | I17: =I15+I16 -> 2 | M17: AT | N17: ノットリリースザボール | R17: DF | S17: ラインオフサイド
J18: コンテスト | M18: DF | N18: モールオフサイド | R18: DF | S18: ラインオフサイド
A19: LO | B19: 1st | C19: =SUM(E19:I19) -> 7 | D19: =(E19+F19+G19)/C19 -> 0.71428571 | E19: 2 | F19: 3 | G19: 0 | H19: 1 | I19: 1 | J19: 4 | M19: DF | N19: ゲートオフサイド | R19: DF | S19: ラインオフサイド
B20: 2nd | C20: =SUM(E20:I20) -> 6 | D20: =(E20+F20+G20)/C20 -> 0.5 | E20: 1 | F20: 2 | G20: 0 | H20: 2 | I20: 1 | J20: 3 | M20: AT | N20: アーリーエンゲージ | R20: AT | S20: ノットリリースザボール
B21: Total | C21: =SUM(E21:I21) -> 13 | D21: =(E21+F21+G21)/C21 -> 0.61538462 | E21: =E19+E20 -> 3 | F21: =F19+F20 -> 5 | G21: =G19+G20 -> 0 | H21: =H19+H20 -> 3 | I21: =I19+I20 -> 2 | J21: =J19+J20 -> 7 | R21: AT | S21: SCコラプシング | Z21: ]
H22: コンテスト率 | J22: =J21/C21 -> 0.53846154 | R22: DF | S22: SCコラプシング
R23: DF | S23: オフフィート
L27: Handling Error
L28: =A30 -> 筑波 | N28: 1st | Q28: 2nd
A29: Possession lost | L29: 高橋 | M29: AT | N29: パスミス | Q29: 朴 | R29: AT | S29: ノックバック
A30: 筑波 | C30: 1st | E30: 2nd | G30: Total | I30: ％ | L30: 東島 | M30: AT | N30: ノックフォワード | Q30: 大内田 | R30: AT | S30: ノックフォワード
A31: Set | C31: 2 | E31: 1 | G31: =C31+E31 -> 3 | I31: =G31/G37 -> 0.081081081 | L31: 内田 | M31: AT | N31: ノックフォワード | Q31: 朴 | R31: AT | S31: ノックフォワード
A32: Ruck & Maul | C32: 0 | E32: 1 | G32: =C32+E32 -> 1 | I32: =G32/G37 -> 0.027027027 | Q32: 加島 | R32: AT | S32: ノックフォワード
A33: Handling Error | C33: 3 | E33: 5 | G33: =C33+E33 -> 8 | I33: =G33/G37 -> 0.21621622 | Q33: 増山 | R33: AT | S33: ノックフォワード
A34: Kick | C34: 13 | E34: 12 | G34: =C34+E34 -> 25 | I34: =G34/G37 -> 0.67567568
A35: Others | C35: 0 | E35: 0 | G35: =C35+E35 -> 0 | I35: =G35/G37 -> 0
G37: =SUM(G31:H35) -> 37
A38: =B1 -> 立教大学 | C38: 1st | E38: 2nd | G38: Total | I38: ％ | L38: =B1 -> 立教大学 | N38: 1st | Q38: 2nd
A39: Set | C39: 1 | E39: 5 | G39: =C39+E39 -> 6 | I39: =G39/H44 -> 0.15 | M39: AT | N39: ノックフォワード | R39: AT | S39: ノックフォワード
A40: Ruck & Maul | C40: 3 | E40: 1 | G40: =C40+E40 -> 4 | I40: =G40/H44 -> 0.1 | R40: AT | S40: ノックフォワード
A41: Handling Error | C41: 1 | E41: 3 | G41: =C41+E41 -> 4 | I41: =G41/H44 -> 0.1 | R41: AT | S41: キャッチミス
A42: Kick | C42: 16 | E42: 8 | G42: =C42+E42 -> 24 | I42: =G42/H44 -> 0.6
A43: Others | C43: 0 | E43: 2 | G43: =C43+E43 -> 2 | I43: =G43/H44 -> 0.05
H44: =SUM(G39:H43) -> 40

Sheet Summary vs日本体育
D3: 筑波大学 | I3: 99 | K3: - | M3: 7 | O3: 日本体育大学 | U3: 11月9日 | Y3: スピアーズ江戸陸 | AC3: 11:30 Kick Off | AG3: 清水 鳴哲
D5: Contact AT STATS | U5: Contact DF STATS
D7: Team Stats | U7: Team Stats
D9: ゲイン | J9: 継続 | P9: B2 | U9: タックル | Y9: Defeat | AC9: Contest | AG9: ゲイン
E14: =E17 -> 22 | F14: =G17-E17 -> 50 | K14: =K17 -> 93 | L14: =M17-K17 -> 8 | Q14: =Q17 -> 31 | R14: =S17-Q17 -> 64 | V14: =V17 -> 87 | W14: =X17-V17 -> 6 | Z14: =Z17 -> 17 | AA14: =AB17-Z17 -> 76 | AD14: =AD17 -> 20 | AE14: =AF17-AD17 -> 18 | AH14: =AH17 -> 20 | AI14: =AJ17-AH17 -> 6
D16: =E17/G17 -> 0.30555556 | J16: =K17/M17 -> 0.92079208 | P16: =Q17/S17 -> 0.32631579 | U16: =V17/X17 -> 0.93548387 | Y16: =Z17/AB17 -> 0.1827957 | AC16: =AD17/AF17 -> 0.52631579 | AG16: =AH17/AJ17 -> 0.76923077
D17: 成功 | E17: =J22+M22+P22 -> 22 | F17: 母数 | G17: =J23+M23+P23 -> 72 | J17: 成功 | K17: =J26+M26+P26+S26 -> 93 | L17: 母数 | M17: =J27+M27+P27+S27 -> 101 | P17: 成功 | Q17: =M30 -> 31 | R17: 母数 | S17: =M31 -> 95 | U17: 成功 | V17: ='Individual DF vs日本体育'!K34+'Individual DF vs日本体育'!L34+'Individual DF vs日本体育'!T34+'Individual DF vs日本体育'!U34 -> 87 | W17: 母数 | X17: ='Individual DF vs日本体育'!G34 -> 93 | Y17: 成功 | Z17: ='Individual DF vs日本体育'!K34+'Individual DF vs日本体育'!T34 -> 17 | AA17: 母数 | AB17: ='Individual DF vs日本体育'!G34 -> 93 | AC17: 成功 | AD17: 20 | AE17: 母数 | AF17: 38 | AG17: 成功 | AH17: 20 | AI17: 母数 | AJ17: 26
D19: Detail Stats | U19: Detail Stats
D21: ゲイン | H21: 9Shape | K21: 10Shape | N21: LineAttack | Q21: Line Atatack(1phase) | U21: タックル | Y21: FW | AB21: BK
G22: 成功 | H22: =J22/J23 -> 0.26470588 | J22: 9 | K22: =M22/M23 -> 0 | M22: 0 | N22: =P22/P23 -> 0.43333333 | P22: 13 | Q22: ー | S22: - | X22: 成功 | Y22: =AA22/AA23 -> 0.93150685 | AA22: ='Individual DF vs日本体育'!K32+'Individual DF vs日本体育'!L32+'Individual DF vs日本体育'!T32+'Individual DF vs日本体育'!U32 -> 68 | AB22: =AD22/AD23 -> 0.95 | AD22: ='Individual DF vs日本体育'!K33+'Individual DF vs日本体育'!L33+'Individual DF vs日本体育'!T33+'Individual DF vs日本体育'!U33 -> 19
G23: 母数 | J23: 34 | M23: 8 | P23: 30 | S23: - | X23: 母数 | AA23: ='Individual DF vs日本体育'!G32 -> 73 | AD23: ='Individual DF vs日本体育'!G33 -> 20
D25: 継続 | H25: 9Shape | K25: 10Shape | N25: LineAttack | Q25: Line Atatack(1phase) | U25: Defeat | Y25: FW | AB25: BK
G26: 成功 | H26: =J26/J27 -> 0.97058824 | J26: 33 | K26: =M26/M27 -> 1 | M26: 8 | N26: =P26/P27 -> 0.83333333 | P26: 25 | Q26: =S26/S27 -> 0.93103448 | S26: 27 | X26: 成功 | Y26: =AA26/AA27 -> 0.12328767 | AA26: ='Individual DF vs日本体育'!K32+'Individual DF vs日本体育'!T32 -> 9 | AB26: =AD26/AD27 -> 0.4 | AD26: ='Individual DF vs日本体育'!K33+'Individual DF vs日本体育'!T33 -> 8
G27: 母数 | J27: 34 | M27: 8 | P27: 30 | S27: 29 | X27: 母数 | AA27: ='Individual DF vs日本体育'!G32 -> 73 | AD27: ='Individual DF vs日本体育'!G33 -> 20
D29: B2,3 | H29: B3 | K29: B2 | N29: - | Q29: -
G30: 成功 | H30: =J30/J31 -> 0.71578947 | J30: 68 | K30: =M30/M31 -> 0.32631579 | M30: 31 | N30: - | P30: - | Q30: - | S30: -
G31: 母数 | J31: 95 | M31: 95 | P31: - | S31: -
D34: Set Play Stats
D36: SC Stats | U36: LO Stats
D38: SC | L38: SC マイボールキープ率 | U38: LO | AC38: LO マイボールキープ率
H39: =D3 -> 筑波大学 | J39: ='Set 1109_vs日本体育'!C7 -> 5 | L39: =D3 -> 筑波大学 | P39: =O3 -> 日本体育大学 | Y39: =D3 -> 筑波大学 | AA39: ='Set 1109_vs日本体育'!C11 -> 12 | AC39: =D3 -> 筑波大学 | AG39: =O3 -> 日本体育大学
L41: ='Set 1109_vs日本体育'!D7 -> 0.6 | P41: ='Set 1109_vs日本体育'!D17 -> 0.66666667 | AC41: ='Set 1109_vs日本体育'!D11 -> 1 | AG41: ='Set 1109_vs日本体育'!D21 -> 0.71428571
H42: =O3 -> 日本体育大学 | J42: ='Set 1109_vs日本体育'!C17 -> 9 | Y42: =O3 -> 日本体育大学 | AA42: ='Set 1109_vs日本体育'!C21 -> 14
E43: =J39 -> 5 | F43: =J42 -> 9 | V43: =AA39 -> 12 | W43: =AA42 -> 14
H45: Total | J45: =J39+J42 -> 14 | Y45: Total | AA45: =AA39+AA42 -> 26
D46: =J39/J45 -> 0.35714286 | U46: =AA39/AA45 -> 0.46153846

Sheet Individual DF vs日本体育
B2: vs | C2: ='Summary vs日本体育'!O3 -> 日本体育大学 | F2: Individual DF Stats | V2: 分析担当 | Z2: Tackle | AB2: 中矢陸
B4: Team Stats | E4: 総タックル | H4: =G34 -> 93 | J4: Defeat成功率 | M4: =(K34+T34)/G34 -> 0.1827957 | O4: タックル成功率 | R4: =SUM(K34:L34,T34:U34)/G34 -> 0.93548387 | U4: リアクション | X4: 1st | AA4: =SUM(O34:P34)/SUM(K34:L34) -> 0.63043478 | AB4: Assist | AE4: =SUM(X32:Y32)/SUM(T32:U32) -> 0.60606061
I6: 1st Tackle | N6: 1st Tackle Reaction | R6: Assist Tackle | W6: Assist Tackle Reaction | AA6: BD Works
D7: 出場時間 | E7: プレー総数 | F7: プレー換算値 | G7: タックル数 | H7: ％ | I7: 合計 | J7: ％ | K7: ◎ Defeat | L7: ○ 倒す | M7: × 失敗 | N7: % | O7: ファイト | P7: リロード | Q7: × | R7: 合計 | S7: ％ | T7: ◎ Defeat | U7: ○ 倒す | V7: × 失敗 | W7: % | X7: ファイト | Y7: リロード | Z7: × | AA7: 合計 | AB7: % | AC7: Jackal,Jerk | AD7: Pressure | AE7: BD Work × | AF7: 選手名
B8: 1 | C8: 小澤一誠 | D8: 63 | E8: =G8+AA8+'Individual AT vs日本体育'!G8+'Individual AT vs日本体育'!N8 -> 29 | F8: =IFERROR(E8/D8*80,"-") -> 36.825397 | G8: =I8+R8 -> 9 | H8: =IFERROR((K8+L8+T8+U8)/G8,"-") -> 1 | I8: =SUM(K8:M8) -> 6 | J8: =IFERROR((K8+L8)/I8,"-") -> 1 | K8: 1 | L8: 5 | M8: 0 | N8: =IFERROR((O8+P8)/I8,"-") -> 0.66666667 | O8: 1 | P8: 3 | Q8: 2 | R8: =SUM(T8:V8) -> 3 | S8: =IFERROR((T8+U8)/R8,"-") -> 1 | T8: 1 | U8: 2 | V8: 0 | W8: =IFERROR((X8+Y8)/R8,"-") -> 1 | X8: 1 | Y8: 2 | Z8: 0 | AA8: 0 | AB8: =IFERROR((AC8+AD8)/AA8,"-") -> - | AC8: 0 | AD8: 0 | AE8: 2 | AF8: =C8 -> 小澤一誠
B9: 2 | C9: 前川陽来 | D9: 47 | E9: =G9+AA9+'Individual AT vs日本体育'!G9+'Individual AT vs日本体育'!N9 -> 19 | F9: =IFERROR(E9/D9*80,"-") -> 32.340426 | G9: =I9+R9 -> 6 | H9: =IFERROR((K9+L9+T9+U9)/G9,"-") -> 1 | I9: =SUM(K9:M9) -> 3 | J9: =IFERROR((K9+L9)/I9,"-") -> 1 | K9: 0 | L9: 3 | M9: 0 | N9: =IFERROR((O9+P9)/I9,"-") -> 0.33333333 | O9: 0 | P9: 1 | Q9: 2 | R9: =SUM(T9:V9) -> 3 | S9: =IFERROR((T9+U9)/R9,"-") -> 1 | T9: 0 | U9: 3 | V9: 0 | W9: =IFERROR((X9+Y9)/R9,"-") -> 1 | X9: 0 | Y9: 3 | Z9: 0 | AA9: =SUM(AC9:AE9) -> 2 | AB9: =IFERROR((AC9+AD9)/AA9,"-") -> 0.5 | AC9: 0 | AD9: 1 | AE9: 1 | AF9: =C9 -> 前川陽来
B10: 3 | C10: イーゴリ | D10: 63 | E10: =G10+AA10+'Individual AT vs日本体育'!G10+'Individual AT vs日本体育'!N10 -> 31 | F10: =IFERROR(E10/D10*80,"-") -> 39.365079 | G10: =I10+R10 -> 12 | H10: =IFERROR((K10+L10+T10+U10)/G10,"-") -> 0.91666667 | I10: =SUM(K10:M10) -> 7 | J10: =IFERROR((K10+L10)/I10,"-") -> 0.85714286 | K10: 1 | L10: 5 | M10: 1 | N10: =IFERROR((O10+P10)/I10,"-") -> 0.42857143 | O10: 2 | P10: 1 | Q10: 3 | R10: =SUM(T10:V10) -> 5 | S10: =IFERROR((T10+U10)/R10,"-") -> 1 | T10: 1 | U10: 4 | V10: 0 | W10: =IFERROR((X10+Y10)/R10,"-") -> 0.6 | X10: 2 | Y10: 1 | Z10: 2 | AA10: =SUM(AC10:AE10) -> 1 | AB10: =IFERROR((AC10+AD10)/AA10,"-") -> 0 | AC10: 0 | AD10: 0 | AE10: 1 | AF10: =C10 -> イーゴリ
B11: 4 | C11: 磯部俊太朗 | D11: 81 | E11: =G11+AA11+'Individual AT vs日本体育'!G11+'Individual AT vs日本体育'!N11 -> 39 | F11: =IFERROR(E11/D11*80,"-") -> 38.518519 | G11: =I11+R11 -> 8 | H11: =IFERROR((K11+L11+T11+U11)/G11,"-") -> 1 | I11: =SUM(K11:M11) -> 3 | J11: =IFERROR((K11+L11)/I11,"-") -> 1 | K11: 0 | L11: 3 | M11: 0 | N11: =IFERROR((O11+P11)/I11,"-") -> 0.33333333 | O11: 0 | P11: 1 | Q11: 2 | R11: =SUM(T11:V11) -> 5 | S11: =IFERROR((T11+U11)/R11,"-") -> 1 | T11: 0 | U11: 5 | V11: 0 | W11: =IFERROR((X11+Y11)/R11,"-") -> 0.2 | X11: 0 | Y11: 1 | Z11: 4 | AA11: =SUM(AC11:AE11) -> 2 | AB11: =IFERROR((AC11+AD11)/AA11,"-") -> 0.5 | AC11: 0 | AD11: 1 | AE11: 1 | AF11: =C11 -> 磯部俊太朗
B12: 5 | C12: 白丸智乃祐 | D12: 71 | E12: =G12+AA12+'Individual AT vs日本体育'!G12+'Individual AT vs日本体育'!N12 -> 32 | F12: =IFERROR(E12/D12*80,"-") -> 36.056338 | G12: =I12+R12 -> 8 | H12: =IFERROR((K12+L12+T12+U12)/G12,"-") -> 1 | I12: =SUM(K12:M12) -> 4 | J12: =IFERROR((K12+L12)/I12,"-") -> 1 | K12: 0 | L12: 4 | M12: 0 | N12: =IFERROR((O12+P12)/I12,"-") -> 0.25 | O12: 0 | P12: 1 | Q12: 3 | R12: =SUM(T12:V12) -> 4 | S12: =IFERROR((T12+U12)/R12,"-") -> 1 | T12: 0 | U12: 4 | V12: 0 | W12: =IFERROR((X12+Y12)/R12,"-") -> 0.5 | X12: 2 | Y12: 0 | Z12: 2 | AA12: =SUM(AC12:AE12) -> 4 | AB12: =IFERROR((AC12+AD12)/AA12,"-") -> 0.5 | AC12: 1 | AD12: 1 | AE12: 2 | AF12: =C12 -> 白丸智乃祐
B13: 6 | C13: 大町尚生 | D13: 81 | E13: =G13+AA13+'Individual AT vs日本体育'!G13+'Individual AT vs日本体育'!N13 -> 45 | F13: =IFERROR(E13/D13*80,"-") -> 44.444444 | G13: =I13+R13 -> 9 | H13: =IFERROR((K13+L13+T13+U13)/G13,"-") -> 1 | I13: =SUM(K13:M13) -> 5 | J13: =IFERROR((K13+L13)/I13,"-") -> 1 | K13: 0 | L13: 5 | M13: 0 | N13: =IFERROR((O13+P13)/I13,"-") -> 0.6 | O13: 0 | P13: 3 | Q13: 2 | R13: =SUM(T13:V13) -> 4 | S13: =IFERROR((T13+U13)/R13,"-") -> 1 | T13: 0 | U13: 4 | V13: 0 | W13: =IFERROR((X13+Y13)/R13,"-") -> 0.75 | X13: 1 | Y13: 2 | Z13: 1 | AA13: =SUM(AC13:AE13) -> 2 | AB13: =IFERROR((AC13+AD13)/AA13,"-") -> 0.5 | AC13: 0 | AD13: 1 | AE13: 1 | AF13: =C13 -> 大町尚生
B14: 7 | C14: 中森真翔 | D14: 59 | E14: =G14+AA14+'Individual AT vs日本体育'!G14+'Individual AT vs日本体育'!N14 -> 17 | F14: =IFERROR(E14/D14*80,"-") -> 23.050847 | G14: =I14+R14 -> 5 | H14: =IFERROR((K14+L14+T14+U14)/G14,"-") -> 1 | I14: =SUM(K14:M14) -> 4 | J14: =IFERROR((K14+L14)/I14,"-") -> 1 | K14: 0 | L14: 4 | M14: 0 | N14: =IFERROR((O14+P14)/I14,"-") -> 0.5 | O14: 0 | P14: 2 | Q14: 2 | R14: =SUM(T14:V14) -> 1 | S14: =IFERROR((T14+U14)/R14,"-") -> 1 | T14: 1 | U14: 0 | V14: 0 | W14: =IFERROR((X14+Y14)/R14,"-") -> 0 | X14: 0 | Y14: 0 | Z14: 1 | AA14: =SUM(AC14:AE14) -> 1 | AB14: =IFERROR((AC14+AD14)/AA14,"-") -> 1 | AC14: 0 | AD14: 1 | AE14: 0 | AF14: =C14 -> 中森真翔
B15: 8 | C15: 浜浦幸太郎 | D15: 81 | E15: =G15+AA15+'Individual AT vs日本体育'!G15+'Individual AT vs日本体育'!N15 -> 47 | F15: =IFERROR(E15/D15*80,"-") -> 46.419753 | G15: =I15+R15 -> 10 | H15: =IFERROR((K15+L15+T15+U15)/G15,"-") -> 0.8 | I15: =SUM(K15:M15) -> 4 | J15: =IFERROR((K15+L15)/I15,"-") -> 0.5 | K15: 1 | L15: 1 | M15: 2 | N15: =IFERROR((O15+P15)/I15,"-") -> 0.5 | O15: 2 | P15: 0 | Q15: 0 | R15: =SUM(T15:V15) -> 6 | S15: =IFERROR((T15+U15)/R15,"-") -> 1 | T15: 2 | U15: 4 | V15: 0 | W15: =IFERROR((X15+Y15)/R15,"-") -> 0.66666667 | X15: 2 | Y15: 2 | Z15: 2 | AA15: =SUM(AC15:AE15) -> 3 | AB15: =IFERROR((AC15+AD15)/AA15,"-") -> 0.66666667 | AC15: 0 | AD15: 2 | AE15: 1 | AF15: =C15 -> 浜浦幸太郎
B16: 9 | C16: 高橋佑太朗 | D16: 71 | E16: =G16+AA16+'Individual AT vs日本体育'!G16+'Individual AT vs日本体育'!N16 -> 8 | F16: =IFERROR(E16/D16*80,"-") -> 9.0140845 | G16: =I16+R16 -> 4 | H16: =IFERROR((K16+L16+T16+U16)/G16,"-") -> 1 | I16: =SUM(K16:M16) -> 3 | J16: =IFERROR((K16+L16)/I16,"-") -> 1 | K16: 0 | L16: 3 | M16: 0 | N16: =IFERROR((O16+P16)/I16,"-") -> 0.66666667 | O16: 2 | P16: 0 | Q16: 1 | R16: =SUM(T16:V16) -> 1 | S16: =IFERROR((T16+U16)/R16,"-") -> 1 | T16: 0 | U16: 1 | V16: 0 | W16: =IFERROR((X16+Y16)/R16,"-") -> 0 | X16: 0 | Y16: 0 | Z16: 1 | AA16: =SUM(AC16:AE16) -> 1 | AB16: =IFERROR((AC16+AD16)/AA16,"-") -> 1 | AC16: 1 | AD16: 0 | AE16: 0 | AF16: =C16 -> 高橋佑太朗
B17: 10 | C17: 楢本幹志朗 | D17: 81 | E17: =G17+AA17+'Individual AT vs日本体育'!G17+'Individual AT vs日本体育'!N17 -> 6 | F17: =IFERROR(E17/D17*80,"-") -> 5.9259259 | G17: =I17+R17 -> 1 | H17: =IFERROR((K17+L17+T17+U17)/G17,"-") -> 1 | I17: =SUM(K17:M17) -> 0 | J17: =IFERROR((K17+L17)/I17,"-") -> - | K17: 0 | L17: 0 | M17: 0 | N17: =IFERROR((O17+P17)/I17,"-") -> - | O17: 0 | P17: 0 | Q17: 0 | R17: =SUM(T17:V17) -> 1 | S17: =IFERROR((T17+U17)/R17,"-") -> 1 | T17: 0 | U17: 1 | V17: 0 | W17: =IFERROR((X17+Y17)/R17,"-") -> 1 | X17: 0 | Y17: 1 | Z17: 0 | AA17: =SUM(AC17:AE17) -> 0 | AB17: =IFERROR((AC17+AD17)/AA17,"-") -> - | AC17: 0 | AD17: 0 | AE17: 0 | AF17: =C17 -> 楢本幹志朗
B18: 11 | C18: 内田慎乃甫 | D18: 81 | E18: =G18+AA18+'Individual AT vs日本体育'!G18+'Individual AT vs日本体育'!N18 -> 16 | F18: =IFERROR(E18/D18*80,"-") -> 15.802469 | G18: =I18+R18 -> 1 | H18: =IFERROR((K18+L18+T18+U18)/G18,"-") -> 1 | I18: =SUM(K18:M18) -> 1 | J18: =IFERROR((K18+L18)/I18,"-") -> 1 | K18: 1 | L18: 0 | M18: 0 | N18: =IFERROR((O18+P18)/I18,"-") -> 1 | O18: 1 | P18: 0 | Q18: 0 | R18: =SUM(T18:V18) -> 0 | S18: =IFERROR((T18+U18)/R18,"-") -> - | T18: 0 | U18: 0 | V18: 0 | W18: =IFERROR((X18+Y18)/R18,"-") -> - | X18: 0 | Y18: 0 | Z18: 0 | AA18: =SUM(AC18:AE18) -> 0 | AB18: =IFERROR((AC18+AD18)/AA18,"-") -> - | AC18: 0 | AD18: 0 | AE18: 0 | AF18: =C18 -> 内田慎乃甫
B19: 12 | C19: 大内田陽冬 | D19: 57 | E19: =G19+AA19+'Individual AT vs日本体育'!G19+'Individual AT vs日本体育'!N19 -> 22 | F19: =IFERROR(E19/D19*80,"-") -> 30.877193 | G19: =I19+R19 -> 3 | H19: =IFERROR((K19+L19+T19+U19)/G19,"-") -> 1 | I19: =SUM(K19:M19) -> 2 | J19: =IFERROR((K19+L19)/I19,"-") -> 1 | K19: 2 | L19: 0 | M19: 0 | N19: =IFERROR((O19+P19)/I19,"-") -> 1 | O19: 1 | P19: 1 | Q19: 0 | R19: =SUM(T19:V19) -> 1 | S19: =IFERROR((T19+U19)/R19,"-") -> 1 | T19: 0 | U19: 1 | V19: 0 | W19: =IFERROR((X19+Y19)/R19,"-") -> 1 | X19: 1 | Y19: 0 | Z19: 0 | AA19: =SUM(AC19:AE19) -> 0 | AB19: =IFERROR((AC19+AD19)/AA19,"-") -> - | AC19: 0 | AD19: 0 | AE19: 0 | AF19: =C19 -> 大内田陽冬
B20: 13 | C20: 東島和哉 | D20: 81 | E20: =G20+AA20+'Individual AT vs日本体育'!G20+'Individual AT vs日本体育'!N20 -> 24 | F20: =IFERROR(E20/D20*80,"-") -> 23.703704 | G20: =I20+R20 -> 5 | H20: =IFERROR((K20+L20+T20+U20)/G20,"-") -> 0.8 | I20: =SUM(K20:M20) -> 2 | J20: =IFERROR((K20+L20)/I20,"-") -> 0.5 | K20: 0 | L20: 1 | M20: 1 | N20: =IFERROR((O20+P20)/I20,"-") -> 0.5 | O20: 0 | P20: 1 | Q20: 0 | R20: =SUM(T20:V20) -> 3 | S20: =IFERROR((T20+U20)/R20,"-") -> 1 | T20: 2 | U20: 1 | V20: 0 | W20: =IFERROR((X20+Y20)/R20,"-") -> 1 | X20: 0 | Y20: 3 | Z20: 0 | AA20: =SUM(AC20:AE20) -> 1 | AB20: =IFERROR((AC20+AD20)/AA20,"-") -> 1 | AC20: 0 | AD20: 1 | AE20: 0 | AF20: =C20 -> 東島和哉
... B30: 23 | C30: 今村颯汰 | D30: 24 | E30: =G30+AA30+'Individual AT vs日本体育'!G30+'Individual AT vs日本体育'!N30 -> 7 | F30: =IFERROR(E30/D30*80,"-") -> 23.333333 | G30: =I30+R30 -> 1 | H30: =IFERROR((K30+L30+T30+U30)/G30,"-") -> 1 | I30: =SUM(K30:M30) -> 1 | J30: =IFERROR((K30+L30)/I30,"-") -> 1 | K30: 0 | L30: 1 | M30: 0 | N30: =IFERROR((O30+P30)/I30,"-") -> 1 | O30: 0 | P30: 1 | Q30: 0 | R30: =SUM(T30:V30) -> 0 | S30: =IFERROR((T30+U30)/R30,"-") -> - | T30: 0 | U30: 0 | V30: 0 | W30: =IFERROR((X30+Y30)/R30,"-") -> - | X30: 0 | Y30: 0 | Z30: 0 | AA30: =SUM(AC30:AE30) -> 0 | AB30: =IFERROR((AC30+AD30)/AA30,"-") -> - | AC30: 0 | AD30: 0 | AE30: 0 | AF30: =C30 -> 今村颯汰
B32: FW Total | G32: =SUM(G8:G15,G23:G27) -> 73 | I32: =SUM(I8:I15,I23:I27) -> 39 | J32: =SUM(K32:L32)/I32 -> 0.8974359 | K32: =SUM(K8:K15,K23:K27) -> 4 | L32: =SUM(L8:L15,L23:L27) -> 31 | M32: =SUM(M8:M15,M23:M27) -> 4 | N32: =SUM(O32:P32)/I32 -> 0.48717949 | O32: =SUM(O8:O15,O23:O27) -> 5 | P32: =SUM(P8:P15,P23:P27) -> 14 | Q32: =SUM(Q8:Q15,Q23:Q27) -> 16 | R32: =SUM(R8:R15,R23:R27) -> 34 | S32: =SUM(T32:U32)/R32 -> 0.97058824 | T32: =SUM(T8:T15,T23:T27) -> 5 | U32: =SUM(U8:U15,U23:U27) -> 28 | V32: =SUM(V8:V15,V23:V27) -> 1 | W32: =SUM(X32:Y32)/SUM(X32:Z32) -> 0.60606061 | X32: =SUM(X8:X15,X23:X27) -> 8 | Y32: =SUM(Y8:Y15,Y23:Y27) -> 12 | Z32: =SUM(Z8:Z15,Z23:Z27) -> 13 | AA32: =SUM(AA8:AA15,AA23:AA27) -> 17 | AB32: =SUM(AC32:AD32)/SUM(AC32:AE32) -> 0.47368421 | AC32: =SUM(AC8:AC15,AC23:AC27) -> 2 | AD32: =SUM(AD8:AD15,AD23:AD27) -> 7 | AE32: =SUM(AE8:AE15,AE23:AE27) -> 10 | AF32: FW Total
B33: BK Total | G33: =SUM(G16:G22,G28:G30) -> 20 | I33: =SUM(I16:I22,I28:I30) -> 12 | J33: =SUM(K33:L33)/I33 -> 0.91666667 | K33: =SUM(K16:K22,K28:K30) -> 5 | L33: =SUM(L16:L22,L28:L30) -> 6 | M33: =SUM(M16:M22,M28:M30) -> 1 | N33: =SUM(O33:P33)/I33 -> 0.83333333 | O33: =SUM(O16:O22,O28:O30) -> 4 | P33: =SUM(P16:P22,P28:P30) -> 6 | Q33: =SUM(Q16:Q22,Q28:Q30) -> 1 | R33: =SUM(R16:R22,R28:R30) -> 8 | S33: =SUM(T33:U33)/R33 -> 1 | T33: =SUM(T16:T22,T28:T30) -> 3 | U33: =SUM(U16:U22,U28:U30) -> 5 | V33: =SUM(V16:V22,V28:V30) -> 0 | W33: =SUM(X33:Y33)/SUM(X33:Z33) -> 0.875 | X33: =SUM(X16:X22,X28:X30) -> 2 | Y33: =SUM(Y16:Y22,Y28:Y30) -> 5 | Z33: =SUM(Z16:Z22,Z28:Z30) -> 1 | AA33: =SUM(AA16:AA22,AA28:AA30) -> 4 | AB33: =SUM(AC33:AD33)/SUM(AC33:AE33) -> 1 | AC33: =SUM(AC16:AC22,AC28:AC30) -> 2 | AD33: =SUM(AD16:AD22,AD28:AD30) -> 2 | AE33: =SUM(AE16:AE22,AE28:AE30) -> 0 | AF33: BK Total
B34: Team Total | G34: =SUM(G8:G30) -> 93 | I34: =SUM(I8:I30) -> 51 | J34: =SUM(K34:L34)/I34 -> 0.90196078 | K34: =SUM(K8:K30) -> 9 | L34: =SUM(L8:L30) -> 37 | M34: =SUM(M8:M30) -> 5 | N34: =SUM(O34:P34)/I34 -> 0.56862745 | O34: =SUM(O8:O30) -> 9 | P34: =SUM(P8:P30) -> 20 | Q34: =SUM(Q8:Q30) -> 17 | R34: =SUM(R8:R30) -> 42 | S34: =SUM(T34:U34)/R34 -> 0.97619048 | T34: =SUM(T8:T30) -> 8 | U34: =SUM(U8:U30) -> 33 | V34: =SUM(V8:V30) -> 1 | W34: =SUM(X34:Y34)/SUM(X34:Z34) -> 0.65853659 | X34: =SUM(X8:X30) -> 10 | Y34: =SUM(Y8:Y30) -> 17 | Z34: =SUM(Z8:Z30) -> 14 | AA34: =SUM(AA8:AA30) -> 21 | AB34: =SUM(AC34:AD34)/SUM(AC34:AE34) -> 0.56521739 | AC34: =SUM(AC8:AC30) -> 4 | AD34: =SUM(AD8:AD30) -> 9 | AE34: =SUM(AE8:AE30) -> 10 | AF34: Team Total
B35: Team Average | G35: =AVERAGE(G8:G30) -> 4.0434783 | I35: =AVERAGE(I8:I30) -> 2.2173913 | K35: =AVERAGE(K8:K30) -> 0.39130435 | L35: =AVERAGE(L8:L30) -> 1.6086957 | M35: =AVERAGE(M8:M30) -> 0.2173913 | O35: =AVERAGE(O8:O30) -> 0.39130435 | P35: =AVERAGE(P8:P30) -> 0.86956522 | Q35: =AVERAGE(Q8:Q30) -> 0.73913043 | R35: =AVERAGE(R8:R30) -> 1.826087 | T35: =AVERAGE(T8:T30) -> 0.34782609 | U35: =AVERAGE(U8:U30) -> 1.4347826 | V35: =AVERAGE(V8:V30) -> 0.043478261 | X35: =AVERAGE(X8:X30) -> 0.43478261 | Y35: =AVERAGE(Y8:Y30) -> 0.73913043 | Z35: =AVERAGE(Z8:Z30) -> 0.60869565 | AA35: =AVERAGE(AA8:AA30) -> 0.91304348 | AC35: =AVERAGE(AC8:AC30) -> 0.17391304 | AD35: =AVERAGE(AD8:AD30) -> 0.39130435 | AE35: =AVERAGE(AE8:AE30) -> 0.43478261 | AF35: Team Average

Sheet Individual AT vs日本体育
B2: vs | C2: ='Summary vs日本体育'!O3 -> 日本体育大学 | F2: Individual AT Stats | O2: 分析担当 | S2: 表 | U2: 島川翼 | Y2: B2,3 | AA2: 中矢陸
B4: Team Stats | E4: Body Ball Control | J4: =H34 -> 0.99019608 | N4: Support | R4: =O34 -> 0.99065421 | U4: B3 | X4: =T34 -> 0.87725632 | Z4: B2 | AC4: =Z34 -> 0.63898917
G6: Carrier Contact | N6: Support | S6: B3 | Y6: B2
D7: 出場時間 | E7: プレー総数 | F7: プレー換算値 | G7: 合計 | H7: Good/Stay ％ | I7: BB% | J7: Gain◎ | K7: Stay○ | L7: 後退△ | M7: Lost× | N7: 合計 | O7: ％ | P7: EXELLENT◎ | Q7: GOOD○ | R7: BAD× | S7: 合計 | T7: ％ | U7: Carrier○ | V7: Carrier× | W7: Support○ | X7: Support× | Y7: 合計 | Z7: ％ | AA7: Carrier○ | AB7: Carrier× | AC7: Support○ | AD7: Support× | AE7: 選手名
B8: 1 | C8: ='Individual DF vs日本体育'!C8 -> 小澤一誠 | D8: ='Individual DF vs日本体育'!D8 -> 63 | E8: ='Individual DF vs日本体育'!E8 -> 29 | F8: ='Individual DF vs日本体育'!F8 -> 36.825397 | G8: =SUM(J8:M8) -> 3 | H8: =IFERROR((J8+K8)/SUM(J8:M8),"-") -> 1 | I8: =IFERROR(SUM(J8:L8)/SUM(J8:M8),"-") -> 1 | J8: 0 | K8: 3 | L8: 0 | M8: 0 | N8: =SUM(P8:R8) -> 17 | O8: =IFERROR((P8+Q8)/N8,"-") -> 1 | P8: 1 | Q8: 16 | R8: 0 | S8: =SUM(U8:X8) -> 18 | T8: =IFERROR((U8+W8)/S8,"-") -> 0.94444444 | U8: 1 | V8: 1 | W8: 16 | X8: 0 | Y8: =SUM(AA8:AD8) -> 18 | Z8: =IFERROR((AA8+AC8)/Y8,"-") -> 0.66666667 | AA8: 0 | AB8: 2 | AC8: 12 | AD8: 4 | AE8: =C8 -> 小澤一誠
B9: 2 | C9: ='Individual DF vs日本体育'!C9 -> 前川陽来 | D9: ='Individual DF vs日本体育'!D9 -> 47 | E9: ='Individual DF vs日本体育'!E9 -> 19 | F9: ='Individual DF vs日本体育'!F9 -> 32.340426 | G9: =SUM(J9:M9) -> 2 | H9: =IFERROR((J9+K9)/SUM(J9:M9),"-") -> 1 | I9: =IFERROR(SUM(J9:L9)/SUM(J9:M9),"-") -> 1 | J9: 0 | K9: 2 | L9: 0 | M9: 0 | N9: =SUM(P9:R9) -> 9 | O9: =IFERROR((P9+Q9)/N9,"-") -> 1 | P9: 2 | Q9: 7 | R9: 0 | S9: =SUM(U9:X9) -> 10 | T9: =IFERROR((U9+W9)/S9,"-") -> 0.7 | U9: 0 | V9: 2 | W9: 7 | X9: 1 | Y9: =SUM(AA9:AD9) -> 10 | Z9: =IFERROR((AA9+AC9)/Y9,"-") -> 0.5 | AA9: 0 | AB9: 2 | AC9: 5 | AD9: 3 | AE9: =C9 -> 前川陽来
B10: 3 | C10: ='Individual DF vs日本体育'!C10 -> イーゴリ | D10: ='Individual DF vs日本体育'!D10 -> 63 | E10: ='Individual DF vs日本体育'!E10 -> 31 | F10: ='Individual DF vs日本体育'!F10 -> 39.365079 | G10: =SUM(J10:M10) -> 3 | H10: =IFERROR((J10+K10)/SUM(J10:M10),"-") -> 1 | I10: =IFERROR(SUM(J10:L10)/SUM(J10:M10),"-") -> 1 | J10: 1 | K10: 2 | L10: 0 | M10: 0 | N10: =SUM(P10:R10) -> 15 | O10: =IFERROR((P10+Q10)/N10,"-") -> 1 | P10: 3 | Q10: 12 | R10: 0 | S10: =SUM(U10:X10) -> 17 | T10: =IFERROR((U10+W10)/S10,"-") -> 0.94117647 | U10: 2 | V10: 1 | W10: 14 | X10: 0 | Y10: =SUM(AA10:AD10) -> 17 | Z10: =IFERROR((AA10+AC10)/Y10,"-") -> 0.70588235 | AA10: 0 | AB10: 3 | AC10: 12 | AD10: 2 | AE10: =C10 -> イーゴリ
B11: 4 | C11: ='Individual DF vs日本体育'!C11 -> 磯部俊太朗 | D11: ='Individual DF vs日本体育'!D11 -> 81 | E11: ='Individual DF vs日本体育'!E11 -> 39 | F11: ='Individual DF vs日本体育'!F11 -> 38.518519 | G11: =SUM(J11:M11) -> 12 | H11: =IFERROR((J11+K11)/SUM(J11:M11),"-") -> 1 | I11: =IFERROR(SUM(J11:L11)/SUM(J11:M11),"-") -> 1 | J11: 3 | K11: 9 | L11: 0 | M11: 0 | N11: =SUM(P11:R11) -> 17 | O11: =IFERROR((P11+Q11)/N11,"-") -> 1 | P11: 6 | Q11: 11 | R11: 0 | S11: =SUM(U11:X11) -> 27 | T11: =IFERROR((U11+W11)/S11,"-") -> 0.88888889 | U11: 8 | V11: 3 | W11: 16 | X11: 0 | Y11: =SUM(AA11:AD11) -> 27 | Z11: =IFERROR((AA11+AC11)/Y11,"-") -> 0.59259259 | AA11: 3 | AB11: 8 | AC11: 13 | AD11: 3 | AE11: =C11 -> 磯部俊太朗
B12: 5 | C12: ='Individual DF vs日本体育'!C12 -> 白丸智乃祐 | D12: ='Individual DF vs日本体育'!D12 -> 71 | E12: ='Individual DF vs日本体育'!E12 -> 32 | F12: ='Individual DF vs日本体育'!F12 -> 36.056338 | G12: =SUM(J12:M12) -> 5 | H12: =IFERROR((J12+K12)/SUM(J12:M12),"-") -> 1 | I12: =IFERROR(SUM(J12:L12)/SUM(J12:M12),"-") -> 1 | J12: 3 | K12: 2 | L12: 0 | M12: 0 | N12: =SUM(P12:R12) -> 15 | O12: =IFERROR((P12+Q12)/N12,"-") -> 1 | P12: 6 | Q12: 9 | R12: 0 | S12: =SUM(U12:X12) -> 16 | T12: =IFERROR((U12+W12)/S12,"-") -> 0.8125 | U12: 3 | V12: 2 | W12: 10 | X12: 1 | Y12: =SUM(AA12:AD12) -> 16 | Z12: =IFERROR((AA12+AC12)/Y12,"-") -> 0.25 | AA12: 1 | AB12: 4 | AC12: 3 | AD12: 8 | AE12: =C12 -> 白丸智乃祐
B13: 6 | C13: ='Individual DF vs日本体育'!C13 -> 大町尚生 | D13: ='Individual DF vs日本体育'!D13 -> 81 | E13: ='Individual DF vs日本体育'!E13 -> 45 | F13: ='Individual DF vs日本体育'!F13 -> 44.444444 | G13: =SUM(J13:M13) -> 10 | H13: =IFERROR((J13+K13)/SUM(J13:M13),"-") -> 0.9 | I13: =IFERROR(SUM(J13:L13)/SUM(J13:M13),"-") -> 1 | J13: 0 | K13: 9 | L13: 1 | M13: 0 | N13: =SUM(P13:R13) -> 24 | O13: =IFERROR((P13+Q13)/N13,"-") -> 1 | P13: 3 | Q13: 21 | R13: 0 | S13: =SUM(U13:X13) -> 20 | T13: =IFERROR((U13+W13)/S13,"-") -> 0.6 | U13: 2 | V13: 6 | W13: 10 | X13: 2 | Y13: =SUM(AA13:AD13) -> 20 | Z13: =IFERROR((AA13+AC13)/Y13,"-") -> 0.45 | AA13: 0 | AB13: 8 | AC13: 9 | AD13: 3 | AE13: =C13 -> 大町尚生
B14: 7 | C14: ='Individual DF vs日本体育'!C14 -> 中森真翔 | D14: ='Individual DF vs日本体育'!D14 -> 59 | E14: ='Individual DF vs日本体育'!E14 -> 17 | F14: ='Individual DF vs日本体育'!F14 -> 23.050847 | G14: =SUM(J14:M14) -> 5 | H14: =IFERROR((J14+K14)/SUM(J14:M14),"-") -> 1 | I14: =IFERROR(SUM(J14:L14)/SUM(J14:M14),"-") -> 1 | J14: 3 | K14: 2 | L14: 0 | M14: 0 | N14: =SUM(P14:R14) -> 6 | O14: =IFERROR((P14+Q14)/N14,"-") -> 1 | P14: 2 | Q14: 4 | R14: 0 | S14: =SUM(U14:X14) -> 13 | T14: =IFERROR((U14+W14)/S14,"-") -> 0.92307692 | U14: 4 | V14: 1 | W14: 8 | X14: 0 | Y14: =SUM(AA14:AD14) -> 13 | Z14: =IFERROR((AA14+AC14)/Y14,"-") -> 0.69230769 | AA14: 3 | AB14: 2 | AC14: 6 | AD14: 2 | AE14: =C14 -> 中森真翔
B15: 8 | C15: ='Individual DF vs日本体育'!C15 -> 浜浦幸太郎 | D15: ='Individual DF vs日本体育'!D15 -> 81 | E15: ='Individual DF vs日本体育'!E15 -> 47 | F15: ='Individual DF vs日本体育'!F15 -> 46.419753 | G15: =SUM(J15:M15) -> 13 | H15: =IFERROR((J15+K15)/SUM(J15:M15),"-") -> 1 | I15: =IFERROR(SUM(J15:L15)/SUM(J15:M15),"-") -> 1 | J15: 7 | K15: 6 | L15: 0 | M15: 0 | N15: =SUM(P15:R15) -> 21 | O15: =IFERROR((P15+Q15)/N15,"-") -> 1 | P15: 2 | Q15: 19 | R15: 0 | S15: =SUM(U15:X15) -> 34 | T15: =IFERROR((U15+W15)/S15,"-") -> 0.88235294 | U15: 10 | V15: 2 | W15: 20 | X15: 2 | Y15: =SUM(AA15:AD15) -> 34 | Z15: =IFERROR((AA15+AC15)/Y15,"-") -> 0.70588235 | AA15: 6 | AB15: 6 | AC15: 18 | AD15: 4 | AE15: =C15 -> 浜浦幸太郎
B16: 9 | C16: ='Individual DF vs日本体育'!C16 -> 高橋佑太朗 | D16: ='Individual DF vs日本体育'!D16 -> 71 | E16: ='Individual DF vs日本体育'!E16 -> 8 | F16: ='Individual DF vs日本体育'!F16 -> 9.0140845 | G16: =SUM(J16:M16) -> 3 | H16: =IFERROR((J16+K16)/SUM(J16:M16),"-") -> 1 | I16: =IFERROR(SUM(J16:L16)/SUM(J16:M16),"-") -> 1 | J16: 0 | K16: 3 | L16: 0 | M16: 0 | N16: =SUM(P16:R16) -> 0 | O16: =IFERROR((P16+Q16)/N16,"-") -> - | P16: 0 | Q16: 0 | R16: 0 | S16: =SUM(U16:X16) -> 0 | T16: =IFERROR((U16+W16)/S16,"-") -> - | U16: 0 | V16: 0 | W16: 0 | X16: 0 | Y16: =SUM(AA16:AD16) -> 0 | Z16: =IFERROR((AA16+AC16)/Y16,"-") -> - | AA16: 0 | AB16: 0 | AC16: 0 | AD16: 0 | AE16: =C16 -> 高橋佑太朗
B17: 10 | C17: ='Individual DF vs日本体育'!C17 -> 楢本幹志朗 | D17: ='Individual DF vs日本体育'!D17 -> 81 | E17: ='Individual DF vs日本体育'!E17 -> 6 | F17: ='Individual DF vs日本体育'!F17 -> 5.9259259 | G17: =SUM(J17:M17) -> 1 | H17: =IFERROR((J17+K17)/SUM(J17:M17),"-") -> 1 | I17: =IFERROR(SUM(J17:L17)/SUM(J17:M17),"-") -> 1 | J17: 1 | K17: 0 | L17: 0 | M17: 0 | N17: =SUM(P17:R17) -> 4 | O17: =IFERROR((P17+Q17)/N17,"-") -> 1 | P17: 0 | Q17: 4 | R17: 0 | S17: =SUM(U17:X17) -> 3 | T17: =IFERROR((U17+W17)/S17,"-") -> 1 | U17: 1 | V17: 0 | W17: 2 | X17: 0 | Y17: =SUM(AA17:AD17) -> 3 | Z17: =IFERROR((AA17+AC17)/Y17,"-") -> 0.33333333 | AA17: 0 | AB17: 1 | AC17: 1 | AD17: 1 | AE17: =C17 -> 楢本幹志朗
B18: 11 | C18: ='Individual DF vs日本体育'!C18 -> 内田慎乃甫 | D18: ='Individual DF vs日本体育'!D18 -> 81 | E18: ='Individual DF vs日本体育'!E18 -> 16 | F18: ='Individual DF vs日本体育'!F18 -> 15.802469 | G18: =SUM(J18:M18) -> 3 | H18: =IFERROR((J18+K18)/SUM(J18:M18),"-") -> 1 | I18: =IFERROR(SUM(J18:L18)/SUM(J18:M18),"-") -> 1 | J18: 1 | K18: 2 | L18: 0 | M18: 0 | N18: =SUM(P18:R18) -> 12 | O18: =IFERROR((P18+Q18)/N18,"-") -> 0.91666667 | P18: 2 | Q18: 9 | R18: 1 | S18: =SUM(U18:X18) -> 10 | T18: =IFERROR((U18+W18)/S18,"-") -> 0.8 | U18: 1 | V18: 2 | W18: 7 | X18: 0 | Y18: =SUM(AA18:AD18) -> 10 | Z18: =IFERROR((AA18+AC18)/Y18,"-") -> 0.7 | AA18: 1 | AB18: 2 | AC18: 6 | AD18: 1 | AE18: =C18 -> 内田慎乃甫
B19: 12 | C19: ='Individual DF vs日本体育'!C19 -> 大内田陽冬 | D19: ='Individual DF vs日本体育'!D19 -> 57 | E19: ='Individual DF vs日本体育'!E19 -> 22 | F19: ='Individual DF vs日本体育'!F19 -> 30.877193 | G19: =SUM(J19:M19) -> 12 | H19: =IFERROR((J19+K19)/SUM(J19:M19),"-") -> 1 | I19: =IFERROR(SUM(J19:L19)/SUM(J19:M19),"-") -> 1 | J19: 7 | K19: 5 | L19: 0 | M19: 0 | N19: =SUM(P19:R19) -> 7 | O19: =IFERROR((P19+Q19)/N19,"-") -> 1 | P19: 1 | Q19: 6 | R19: 0 | S19: =SUM(U19:X19) -> 19 | T19: =IFERROR((U19+W19)/S19,"-") -> 0.84210526 | U19: 8 | V19: 3 | W19: 8 | X19: 0 | Y19: =SUM(AA19:AD19) -> 19 | Z19: =IFERROR((AA19+AC19)/Y19,"-") -> 0.57894737 | AA19: 3 | AB19: 8 | AC19: 8 | AD19: 0 | AE19: =C19 -> 大内田陽冬
... B30: 23 | C30: ='Individual DF vs日本体育'!C30 -> 今村颯汰 | D30: ='Individual DF vs日本体育'!D30 -> 24 | E30: ='Individual DF vs日本体育'!E30 -> 7 | F30: ='Individual DF vs日本体育'!F30 -> 23.333333 | G30: =SUM(J30:M30) -> 3 | H30: =IFERROR((J30+K30)/SUM(J30:M30),"-") -> 1 | I30: =IFERROR(SUM(J30:L30)/SUM(J30:M30),"-") -> 1 | J30: 1 | K30: 2 | L30: 0 | M30: 0 | N30: =SUM(P30:R30) -> 3 | O30: =IFERROR((P30+Q30)/N30,"-") -> 1 | P30: 0 | Q30: 3 | R30: 0 | S30: =SUM(U30:X30) -> 6 | T30: =IFERROR((U30+W30)/S30,"-") -> 1 | U30: 4 | V30: 0 | W30: 2 | X30: 0 | Y30: =SUM(AA30:AD30) -> 6 | Z30: =IFERROR((AA30+AC30)/Y30,"-") -> 0.83333333 | AA30: 3 | AB30: 1 | AC30: 2 | AD30: 0 | AE30: =C30 -> 今村颯汰
B32: FW Total | G32: =SUM(G8:G15,G23:G27) -> 65 | H32: =SUM(J32:K32)/G32 -> 0.98461538 | I32: =SUM(J32:L32)/G32 -> 1 | J32: =SUM(J8:J15,J23:J27) -> 19 | K32: =SUM(K8:K15,K23:K27) -> 45 | L32: =SUM(L8:L15,L23:L27) -> 1 | M32: =SUM(M8:M15,M23:M27) -> 0 | N32: =SUM(N8:N15,N23:N27) -> 161 | O32: =IFERROR((P32+Q32)/N32,"-") -> 1 | P32: =SUM(P8:P15,P23:P27) -> 33 | Q32: =SUM(Q8:Q15,Q23:Q27) -> 128 | R32: =SUM(R8:R15,R23:R27) -> 0 | S32: =SUM(S8:S15,S23:S27) -> 198 | T32: =(U32+W32)/S32 -> 0.86868687 | U32: =SUM(U8:U15,U23:U27) -> 42 | V32: =SUM(V8:V15,V23:V27) -> 19 | W32: =SUM(W8:W15,W23:W27) -> 130 | X32: =SUM(X8:X15,X23:X27) -> 7 | Y32: =SUM(Y8:Y15,Y23:Y27) -> 198 | Z32: =(AA32+AC32)/Y32 -> 0.61111111 | AA32: =SUM(AA8:AA15,AA23:AA27) -> 17 | AB32: =SUM(AB8:AB15,AB23:AB27) -> 44 | AC32: =SUM(AC8:AC15,AC23:AC27) -> 104 | AD32: =SUM(AD8:AD15,AD23:AD27) -> 33 | AE32: FW Total
B33: BK Total | G33: =SUM(G16:G22,G28:G30) -> 37 | H33: =SUM(J33:K33)/G33 -> 1 | I33: =SUM(J33:L33)/G33 -> 1 | J33: =SUM(J16:J22,J28:J30) -> 13 | K33: =SUM(K16:K22,K28:K30) -> 24 | L33: =SUM(L16:L22,L28:L30) -> 0 | M33: =SUM(M16:M22,M28:M30) -> 0 | N33: =SUM(N16:N22,N28:N30) -> 53 | O33: =IFERROR((P33+Q33)/N33,"-") -> 0.96226415 | P33: =SUM(P16:P22,P28:P30) -> 5 | Q33: =SUM(Q16:Q22,Q28:Q30) -> 46 | R33: =SUM(R16:R22,R28:R30) -> 2 | S33: =SUM(S16:S22,S28:S30) -> 79 | T33: =(U33+W33)/S33 -> 0.89873418 | U33: =SUM(U16:U22,U28:U30) -> 27 | V33: =SUM(V16:V22,V28:V30) -> 7 | W33: =SUM(W16:W22,W28:W30) -> 44 | X33: =SUM(X16:X22,X28:X30) -> 1 | Y33: =SUM(Y16:Y22,Y28:Y30) -> 79 | Z33: =(AA33+AC33)/Y33 -> 0.70886076 | AA33: =SUM(AA16:AA22,AA28:AA30) -> 16 | AB33: =SUM(AB16:AB22,AB28:AB30) -> 18 | AC33: =SUM(AC16:AC22,AC28:AC30) -> 40 | AD33: =SUM(AD16:AD22,AD28:AD30) -> 5 | AE33: BK Total
B34: Team Total | G34: =SUM(G8:G30) -> 102 | H34: =SUM(J34:K34)/G34 -> 0.99019608 | I34: =SUM(J34:L34)/G34 -> 1 | J34: =SUM(J8:J30) -> 32 | K34: =SUM(K8:K30) -> 69 | L34: =SUM(L8:L30) -> 1 | M34: =SUM(M8:M30) -> 0 | N34: =SUM(N8:N30) -> 214 | O34: =IFERROR((P34+Q34)/N34,"-") -> 0.99065421 | P34: =SUM(P8:P30) -> 38 | Q34: =SUM(Q8:Q30) -> 174 | R34: =SUM(R8:R30) -> 2 | S34: =SUM(S8:S30) -> 277 | T34: =(U34+W34)/S34 -> 0.87725632 | U34: =SUM(U8:U30) -> 69 | V34: =SUM(V8:V30) -> 26 | W34: =SUM(W8:W30) -> 174 | X34: =SUM(X8:X30) -> 8 | Y34: =SUM(Y8:Y30) -> 277 | Z34: =(AA34+AC34)/Y34 -> 0.63898917 | AA34: =SUM(AA8:AA30) -> 33 | AB34: =SUM(AB8:AB30) -> 62 | AC34: =SUM(AC8:AC30) -> 144 | AD34: =SUM(AD8:AD30) -> 38 | AE34: Team Total
B35: Team Average | G35: =AVERAGE(G8:G30) -> 4.4347826 | J35: =AVERAGE(J8:J30) -> 1.3913043 | K35: =AVERAGE(K8:K30) -> 3 | L35: =AVERAGE(L8:L30) -> 0.043478261 | M35: =AVERAGE(M8:M30) -> 0 | P35: =AVERAGE(P8:P30) -> 1.6521739 | Q35: =AVERAGE(Q8:Q30) -> 7.5652174 | R35: =AVERAGE(R8:R30) -> 0.086956522 | S35: =AVERAGE(S8:S30) -> 12.043478 | U35: =AVERAGE(U8:U30) -> 3 | V35: =AVERAGE(V8:V30) -> 1.1304348 | W35: =AVERAGE(W8:W30) -> 7.5652174 | X35: =AVERAGE(X8:X30) -> 0.34782609 | Y35: =AVERAGE(Y8:Y30) -> 12.043478 | AA35: =AVERAGE(AA8:AA30) -> 1.4347826 | AB35: =AVERAGE(AB8:AB30) -> 2.6956522 | AC35: =AVERAGE(AC8:AC30) -> 6.2608696 | AD35: =AVERAGE(AD8:AD30) -> 1.6521739 | AE35: Team Average

Sheet Set 1109_vs日本体育
A1: VS | B1: ='Summary vs日本体育'!O3 -> 日本体育大学 | L1: 試合会場 | N1: スピアーズえど陸 | O1: 天候・G状況 雨 | P1: 分析担当 黒澤
A3: Set Play | L3: Penalty
A4: 筑波 | C4: 総数 | D4: 獲得率 | E4: 球出し○ | F4: 球出し× | G4: 相手反則 | H4: 被TO | I4: 筑波反則 | L4: =A4 -> 筑波 | N4: 1st | Q4: 2nd
A5: SC | B5: 1st | C5: =SUM(E5:I5) -> 4 | D5: =(E5+F5+G5)/C5 -> 0.5 | E5: 1 | G5: 1 | I5: 2 | L5: 名前 | M5: AT | N5: 内容 | Q5: FW | R5: AT | S5: 内容
B6: 2nd | C6: =SUM(E6:I6) -> 1 | D6: =(E6+F6+G6)/C6 -> 1 | G6: 1 | L6: 濱島 | M6: DF | N6: オブストラクション | Q6: 中森 | R6: DF | S6: バージング
B7: Total | C7: =SUM(E7:J7) -> 5 | D7: =(E7+F7+G7)/C7 -> 0.6 | E7: =E5+E6 -> 1 | F7: =F5+F6 -> 0 | G7: =G5+G6 -> 2 | H7: =H5+H6 -> 0 | I7: =I5+I6 -> 2 | L7: FW | M7: AT | N7: イリーガルホイール | Q7: 増山 | R7: AT | S7: ノットリリースザボール
J8: NS | L8: FW | M8: DF | N8: ヘッドアップ | Q8: FW | R8: DF | S8: アーリープッシュ
A9: LO | B9: 1st | C9: =SUM(E9:J9) -> 7 | D9: =(E9+F9+G9)/C9 -> 1 | E9: 7 | L9: FW | M9: DF | N9: アーリープッシュ
B10: 2nd | C10: =SUM(E10:J10) -> 5 | D10: =(E10+F10+G10)/C10 -> 1 | E10: 4 | F10: 1 | L10: 磯部 | M10: AT | N10: オフサイド
B11: Total | C11: =SUM(E11:J11) -> 12 | D11: =(E11+F11+G11)/C11 -> 1 | E11: =E9+E10 -> 11 | F11: =F9+F10 -> 1 | G11: =G9+G10 -> 0 | H11: =H9+H10 -> 0 | I11: =I9+I10 -> 0 | J11: =J9+J10 -> 0
A14: =B1 -> 日本体育大学 | C14: 総数 | D14: 獲得率 | E14: 球出し○ | F14: 球出し× | G14: 筑波反則 | H14: TO | I14: 相手反則
A15: SC | B15: 1st | C15: =SUM(E15:I15) -> 3 | D15: =(E15+F15+G15)/C15 -> 1 | F15: 2 | G15: 1
B16: 2nd | C16: =SUM(E16:I16) -> 6 | D16: =(E16+F16+G16)/C16 -> 0.5 | F16: 2 | G16: 1 | I16: 3 | L16: =B1 -> 日本体育大学 | N16: 1st
B17: Total | C17: =SUM(E17:I17) -> 9 | D17: =(E17+F17+G17)/C17 -> 0.66666667 | E17: =E15+E16 -> 0 | F17: =F15+F16 -> 4 | G17: =G15+G16 -> 2 | H17: =H15+H16 -> 0 | I17: =I15+I16 -> 3 | M17: AT | N17: オフサイド | R17: AT | S17: イリーガルホイール
J18: コンテスト | M18: DF | N18: オフサイド | R18: DF | S18: ノットロールアウェイ
A19: LO | B19: 1st | C19: =SUM(E19:I19) -> 7 | D19: =(E19+F19+G19)/C19 -> 0.71428571 | E19: 2 | F19: 2 | G19: 1 | H19: 1 | I19: 1 | J19: 6 | M19: DF | N19: アーリープッシュ | R19: AT | S19: コラプシング
B20: 2nd | C20: =SUM(E20:I20) -> 7 | D20: =(E20+F20+G20)/C20 -> 0.71428571 | E20: 4 | G20: 1 | H20: 2 | J20: 7 | M20: DF | N20: オフサイド | R20: DF | S20: コラプシング
B21: Total | C21: =SUM(E21:I21) -> 14 | D21: =(E21+F21+G21)/C21 -> 0.71428571 | E21: =E19+E20 -> 6 | F21: =F19+F20 -> 2 | G21: =G19+G20 -> 2 | H21: =H19+H20 -> 3 | I21: =I19+I20 -> 1 | J21: =J19+J20 -> 13 | M21: AT | N21: ノットリリースザボール | R21: AT | S21: コラプシング | Z21: ]
H22: コンテスト率 | J22: =J21/C21 -> 0.92857143 | M22: AT | N22: オーバーザトップ | R22: DF | S22: オフサイド
R23: DF | S23: オフサイド
L27: Handling Error
L28: =A30 -> 筑波 | N28: 1st | Q28: 2nd
A29: Possession lost | L29: イーゴリ | M29: AT | N29: ノックオン | Q29: 楢本 | R29: AT | S29: ノックオン
A30: 筑波 | C30: 1st | E30: 2nd | G30: Total | I30: ％ | L30: 浜浦 | M30: AT | N30: ノックオン | Q30: 楢本 | R30: AT | S30: ノックオン
A31: Set | C31: 2 | E31: 2 | G31: =C31+E31 -> 4 | I31: =G31/G37 -> 0.12121212 | Q31: 高橋 | R31: AT | S31: ノックオン
A32: Ruck & Maul | C32: 0 | E32: 1 | G32: =C32+E32 -> 1 | I32: =G32/G37 -> 0.03030303 | Q32: 水澤 | R32: AT | S32: ノックオン
A33: Handling Error | C33: 2 | E33: 4 | G33: =C33+E33 -> 6 | I33: =G33/G37 -> 0.18181818
A34: Kick | C34: 9 | E34: 10 | G34: =C34+E34 -> 19 | I34: =G34/G37 -> 0.57575758
A35: Others | C35: 3 | E35: 0 | G35: =C35+E35 -> 3 | I35: =G35/G37 -> 0.090909091
G37: =SUM(G31:H35) -> 33
A38: =B1 -> 日本体育大学 | C38: 1st | E38: 2nd | G38: Total | I38: ％ | L38: =B1 -> 日本体育大学 | N38: 1st | Q38: 2nd
A39: Set | C39: 2 | E39: 5 | G39: =C39+E39 -> 7 | I39: =G39/H44 -> 0.2 | M39: AT | N39: ノックオン | R39: AT | S39: ノックオン
A40: Ruck & Maul | C40: 2 | E40: 1 | G40: =C40+E40 -> 3 | I40: =G40/H44 -> 0.085714286 | M40: AT | N40: ノックオン | R40: AT | S40: ノックオン
A41: Handling Error | C41: 3 | E41: 2 | G41: =C41+E41 -> 5 | I41: =G41/H44 -> 0.14285714 | M41: AT | N41: ノックオン
A42: Kick | C42: 10 | E42: 9 | G42: =C42+E42 -> 19 | I42: =G42/H44 -> 0.54285714
A43: Others | C43: 1 | E43: 0 | G43: =C43+E43 -> 1 | I43: =G43/H44 -> 0.028571429
H44: =SUM(G39:H43) -> 35

Sheet Summary 1026_vs帝京
D3: 筑波大学 | I3: 18 | K3: - | M3: 14 | O3: 帝京大学 | U3: 10月26日 | Y3: 足利ガスグラウンド | AC3: 14:00 Kick Off | AG3: 加古 大樹
D5: Contact AT STATS | U5: Contact DF STATS
D7: Team Stats | U7: Team Stats
D9: ゲイン | J9: 継続 | P9: B2 | U9: タックル | Y9: Defeat | AC9: Contest | AG9: ゲイン
E14: =E17 -> 14 | F14: =G17-E17 -> 38 | K14: =K17 -> 72 | L14: =M17-K17 -> 17 | Q14: =Q17 -> 16 | R14: =S17-Q17 -> 65 | V14: =V17 -> 165 | W14: =X17-V17 -> 25 | Z14: =Z17 -> 17 | AA14: =AB17-Z17 -> 173 | AD14: =AD17 -> 41 | AE14: =AF17-AD17 -> 48 | AH14: =AH17 -> 45 | AI14: =AJ17-AH17 -> 23
D16: =E17/G17 -> 0.26923077 | J16: =K17/M17 -> 0.80898876 | P16: =Q17/S17 -> 0.19753086 | U16: =V17/X17 -> 0.86842105 | Y16: =Z17/AB17 -> 0.089473684 | AC16: =AD17/AF17 -> 0.46067416 | AG16: =AH17/AJ17 -> 0.66176471
D17: 成功 | E17: =J22+M22+P22 -> 14 | F17: 母数 | G17: =J23+M23+P23 -> 52 | J17: 成功 | K17: =J26+M26+P26+S26 -> 72 | L17: 母数 | M17: =J27+M27+P27+S27 -> 89 | P17: 成功 | Q17: 16 | R17: 母数 | S17: 81 | U17: 成功 | V17: ='Individual DF 1026_vs帝京'!K34+'Individual DF 1026_vs帝京'!L34+'Individual DF 1026_vs帝京'!T34+'Individual DF 1026_vs帝京'!U34 -> 165 | W17: 母数 | X17: ='Individual DF 1026_vs帝京'!G34 -> 190 | Y17: 成功 | Z17: ='Individual DF 1026_vs帝京'!K34+'Individual DF 1026_vs帝京'!T34 -> 17 | AA17: 母数 | AB17: ='Individual DF 1026_vs帝京'!G34 -> 190 | AC17: 成功 | AD17: 41 | AE17: 母数 | AF17: 89 | AG17: 成功 | AH17: 45 | AI17: 母数 | AJ17: 68
D19: Detail Stats | U19: Detail Stats
D21: ゲイン | H21: 9Shape | K21: 10Shape | N21: LineAttack | Q21: Line Atatack(1phase) | U21: タックル | Y21: FW | AB21: BK
G22: 成功 | H22: =J22/J23 -> 0.17857143 | J22: 5 | K22: =M22/M23 -> 0 | M22: 0 | N22: =P22/P23 -> 0.42857143 | P22: 9 | Q22: ー | S22: - | X22: 成功 | Y22: =AA22/AA23 -> 0.8968254 | AA22: ='Individual DF 1026_vs帝京'!K32+'Individual DF 1026_vs帝京'!L32+'Individual DF 1026_vs帝京'!T32+'Individual DF 1026_vs帝京'!U32 -> 113 | AB22: =AD22/AD23 -> 0.8125 | AD22: ='Individual DF 1026_vs帝京'!K33+'Individual DF 1026_vs帝京'!L33+'Individual DF 1026_vs帝京'!T33+'Individual DF 1026_vs帝京'!U33 -> 52
G23: 母数 | J23: 28 | M23: 3 | P23: 21 | S23: - | X23: 母数 | AA23: ='Individual DF 1026_vs帝京'!G32 -> 126 | AD23: ='Individual DF 1026_vs帝京'!G33 -> 64
D25: 継続 | H25: 9Shape | K25: 10Shape | N25: LineAttack | Q25: Line Atatack(1phase) | U25: Defeat | Y25: FW | AB25: BK
G26: 成功 | H26: =J26/J27 -> 0.89285714 | J26: 25 | K26: =M26/M27 -> 1 | M26: 3 | N26: =P26/P27 -> 0.71428571 | P26: 15 | Q26: =S26/S27 -> 0.78378378 | S26: 29 | X26: 成功 | Y26: =AA26/AA27 -> 0.071428571 | AA26: ='Individual DF 1026_vs帝京'!K32+'Individual DF 1026_vs帝京'!T32 -> 9 | AB26: =AD26/AD27 -> 0.125 | AD26: ='Individual DF 1026_vs帝京'!K33+'Individual DF 1026_vs帝京'!T33 -> 8
G27: 母数 | J27: 28 | M27: 3 | P27: 21 | S27: 37 | X27: 母数 | AA27: ='Individual DF 1026_vs帝京'!G32 -> 126 | AD27: ='Individual DF 1026_vs帝京'!G33 -> 64
D29: B2,3 | H29: B3 | K29: B2 | N29: - | Q29: -
G30: 成功 | H30: =J30/J31 -> 0.44444444 | J30: 36 | K30: =M30/M31 -> 0.19753086 | M30: 16 | N30: - | P30: - | Q30: - | S30: -
G31: 母数 | J31: 81 | M31: 81 | P31: - | S31: -
D34: Set Play Stats
D36: SC Stats | U36: LO Stats
D38: SC | L38: SC マイボールキープ率 | U38: LO | AC38: LO マイボールキープ率
H39: =D3 -> 筑波大学 | J39: ='Set 1026_vs帝京'!C7 -> 4 | L39: =D3 -> 筑波大学 | P39: =O3 -> 帝京大学 | Y39: =D3 -> 筑波大学 | AA39: ='Set 1026_vs帝京'!C11 -> 18 | AC39: =D3 -> 筑波大学 | AG39: =O3 -> 帝京大学
L41: ='Set 1026_vs帝京'!D7 -> 0.75 | P41: ='Set 1026_vs帝京'!D17 -> 0.66666667 | AC41: ='Set 1026_vs帝京'!D11 -> 0.88888889 | AG41: ='Set 1026_vs帝京'!D21 -> 0.78571429
H42: =O3 -> 帝京大学 | J42: ='Set 1026_vs帝京'!C17 -> 6 | Y42: =O3 -> 帝京大学 | AA42: ='Set 1026_vs帝京'!C21 -> 14
E43: =J39 -> 4 | F43: =J42 -> 6 | V43: =AA39 -> 18 | W43: =AA42 -> 14
H45: Total | J45: =J39+J42 -> 10 | Y45: Total | AA45: =AA39+AA42 -> 32
D46: =J39/J45 -> 0.4 | U46: =AA39/AA45 -> 0.5625

Sheet Individual DF 1026_vs帝京
B2: vs | C2: ='Summary 1026_vs帝京'!O3 -> 帝京大学 | F2: Individual DF Stats | V2: 分析担当 | Z2: Tackle | AB2: 中矢陸
B4: Team Stats | E4: 総タックル | H4: =G34 -> 190 | J4: Defeat成功率 | M4: =(K34+T34)/G34 -> 0.089473684 | O4: タックル成功率 | R4: =SUM(K34:L34,T34:U34)/G34 -> 0.86842105 | U4: リアクション | X4: 1st | AA4: =SUM(O34:P34)/SUM(K34:L34) -> 0.6344086 | AB4: Assist | AE4: =SUM(X32:Y32)/SUM(T32:U32) -> 0.64705882
I6: 1st Tackle | N6: 1st Tackle Reaction | R6: Assist Tackle | W6: Assist Tackle Reaction | AA6: BD Works
D7: 出場時間 | E7: プレー総数 | F7: プレー換算値 | G7: タックル数 | H7: ％ | I7: 合計 | J7: ％ | K7: ◎ Defeat | L7: ○ 倒す | M7: × 失敗 | N7: % | O7: ファイト | P7: リロード | Q7: × | R7: 合計 | S7: ％ | T7: ◎ Defeat | U7: ○ 倒す | V7: × 失敗 | W7: % | X7: ファイト | Y7: リロード | Z7: × | AA7: 合計 | AB7: % | AC7: Jackal,Jerk | AD7: Pressure | AE7: BD Work × | AF7: 選手名
B8: 1 | C8: 湯浅大心 | D8: 75 | E8: =G8+AA8+'Individual AT 1026_vs帝京'!G8+'Individual AT 1026_vs帝京'!N8 -> 30 | F8: =IFERROR(E8/D8*80,"-") -> 32 | G8: =I8+R8 -> 8 | H8: =IFERROR((K8+L8+T8+U8)/G8,"-") -> 1 | I8: =SUM(K8:M8) -> 4 | J8: =IFERROR((K8+L8)/I8,"-") -> 1 | K8: 1 | L8: 3 | M8: 0 | N8: =IFERROR((O8+P8)/I8,"-") -> 0.5 | O8: 1 | P8: 1 | Q8: 2 | R8: =SUM(T8:V8) -> 4 | S8: =IFERROR((T8+U8)/R8,"-") -> 1 | T8: 0 | U8: 4 | V8: 0 | W8: =IFERROR((X8+Y8)/R8,"-") -> 0.5 | X8: 1 | Y8: 1 | Z8: 2 | AA8: 0 | AB8: =IFERROR((AC8+AD8)/AA8,"-") -> - | AC8: 1 | AD8: 1 | AE8: 0 | AF8: =C8 -> 湯浅大心
B9: 2 | C9: 前川陽来 | D9: 80 | E9: =G9+AA9+'Individual AT 1026_vs帝京'!G9+'Individual AT 1026_vs帝京'!N9 -> 40 | F9: =IFERROR(E9/D9*80,"-") -> 40 | G9: =I9+R9 -> 13 | H9: =IFERROR((K9+L9+T9+U9)/G9,"-") -> 0.84615385 | I9: =SUM(K9:M9) -> 11 | J9: =IFERROR((K9+L9)/I9,"-") -> 0.90909091 | K9: 1 | L9: 9 | M9: 1 | N9: =IFERROR((O9+P9)/I9,"-") -> 0.36363636 | O9: 0 | P9: 4 | Q9: 6 | R9: =SUM(T9:V9) -> 2 | S9: =IFERROR((T9+U9)/R9,"-") -> 0.5 | T9: 0 | U9: 1 | V9: 1 | W9: =IFERROR((X9+Y9)/R9,"-") -> 0.5 | X9: 1 | Y9: 0 | Z9: 0 | AA9: =SUM(AC9:AE9) -> 0 | AB9: =IFERROR((AC9+AD9)/AA9,"-") -> - | AC9: 0 | AD9: 0 | AE9: 0 | AF9: =C9 -> 前川陽来
B10: 3 | C10: 茨木海斗 | D10: 84 | E10: =G10+AA10+'Individual AT 1026_vs帝京'!G10+'Individual AT 1026_vs帝京'!N10 -> 44 | F10: =IFERROR(E10/D10*80,"-") -> 41.904762 | G10: =I10+R10 -> 16 | H10: =IFERROR((K10+L10+T10+U10)/G10,"-") -> 0.8125 | I10: =SUM(K10:M10) -> 9 | J10: =IFERROR((K10+L10)/I10,"-") -> 0.77777778 | K10: 1 | L10: 6 | M10: 2 | N10: =IFERROR((O10+P10)/I10,"-") -> 0.55555556 | O10: 2 | P10: 3 | Q10: 2 | R10: =SUM(T10:V10) -> 7 | S10: =IFERROR((T10+U10)/R10,"-") -> 0.85714286 | T10: 0 | U10: 6 | V10: 1 | W10: =IFERROR((X10+Y10)/R10,"-") -> 0.57142857 | X10: 2 | Y10: 2 | Z10: 2 | AA10: =SUM(AC10:AE10) -> 3 | AB10: =IFERROR((AC10+AD10)/AA10,"-") -> 0.33333333 | AC10: 0 | AD10: 1 | AE10: 2 | AF10: =C10 -> 茨木海斗
B11: 4 | C11: 磯部俊太朗 | D11: 84 | E11: =G11+AA11+'Individual AT 1026_vs帝京'!G11+'Individual AT 1026_vs帝京'!N11 -> 53 | F11: =IFERROR(E11/D11*80,"-") -> 50.47619 | G11: =I11+R11 -> 23 | H11: =IFERROR((K11+L11+T11+U11)/G11,"-") -> 0.91304348 | I11: =SUM(K11:M11) -> 10 | J11: =IFERROR((K11+L11)/I11,"-") -> 0.9 | K11: 1 | L11: 8 | M11: 1 | N11: =IFERROR((O11+P11)/I11,"-") -> 0.5 | O11: 1 | P11: 4 | Q11: 4 | R11: =SUM(T11:V11) -> 13 | S11: =IFERROR((T11+U11)/R11,"-") -> 0.92307692 | T11: 0 | U11: 12 | V11: 1 | W11: =IFERROR((X11+Y11)/R11,"-") -> 0.23076923 | X11: 2 | Y11: 1 | Z11: 9 | AA11: =SUM(AC11:AE11) -> 3 | AB11: =IFERROR((AC11+AD11)/AA11,"-") -> 0.66666667 | AC11: 1 | AD11: 1 | AE11: 1 | AF11: =C11 -> 磯部俊太朗
B12: 5 | C12: 白丸智乃祐 | D12: 84 | E12: =G12+AA12+'Individual AT 1026_vs帝京'!G12+'Individual AT 1026_vs帝京'!N12 -> 44 | F12: =IFERROR(E12/D12*80,"-") -> 41.904762 | G12: =I12+R12 -> 12 | H12: =IFERROR((K12+L12+T12+U12)/G12,"-") -> 0.91666667 | I12: =SUM(K12:M12) -> 5 | J12: =IFERROR((K12+L12)/I12,"-") -> 0.8 | K12: 0 | L12: 4 | M12: 1 | N12: =IFERROR((O12+P12)/I12,"-") -> 0.2 | O12: 0 | P12: 1 | Q12: 3 | R12: =SUM(T12:V12) -> 7 | S12: =IFERROR((T12+U12)/R12,"-") -> 1 | T12: 2 | U12: 5 | V12: 0 | W12: =IFERROR((X12+Y12)/R12,"-") -> 0.85714286 | X12: 3 | Y12: 3 | Z12: 1 | AA12: =SUM(AC12:AE12) -> 5 | AB12: =IFERROR((AC12+AD12)/AA12,"-") -> 0.4 | AC12: 1 | AD12: 1 | AE12: 3 | AF12: =C12 -> 白丸智乃祐
B13: 6 | C13: 大町尚生 | D13: 84 | E13: =G13+AA13+'Individual AT 1026_vs帝京'!G13+'Individual AT 1026_vs帝京'!N13 -> 48 | F13: =IFERROR(E13/D13*80,"-") -> 45.714286 | G13: =I13+R13 -> 15 | H13: =IFERROR((K13+L13+T13+U13)/G13,"-") -> 0.86666667 | I13: =SUM(K13:M13) -> 8 | J13: =IFERROR((K13+L13)/I13,"-") -> 0.75 | K13: 0 | L13: 6 | M13: 2 | N13: =IFERROR((O13+P13)/I13,"-") -> 0.375 | O13: 1 | P13: 2 | Q13: 3 | R13: =SUM(T13:V13) -> 7 | S13: =IFERROR((T13+U13)/R13,"-") -> 1 | T13: 0 | U13: 7 | V13: 0 | W13: =IFERROR((X13+Y13)/R13,"-") -> 0.85714286 | X13: 1 | Y13: 5 | Z13: 1 | AA13: =SUM(AC13:AE13) -> 2 | AB13: =IFERROR((AC13+AD13)/AA13,"-") -> 0.5 | AC13: 0 | AD13: 1 | AE13: 1 | AF13: =C13 -> 大町尚生
B14: 7 | C14: 中森真翔 | D14: 84 | E14: =G14+AA14+'Individual AT 1026_vs帝京'!G14+'Individual AT 1026_vs帝京'!N14 -> 26 | F14: =IFERROR(E14/D14*80,"-") -> 24.761905 | G14: =I14+R14 -> 11 | H14: =IFERROR((K14+L14+T14+U14)/G14,"-") -> 0.90909091 | I14: =SUM(K14:M14) -> 6 | J14: =IFERROR((K14+L14)/I14,"-") -> 0.83333333 | K14: 0 | L14: 5 | M14: 1 | N14: =IFERROR((O14+P14)/I14,"-") -> 0.66666667 | O14: 0 | P14: 4 | Q14: 1 | R14: =SUM(T14:V14) -> 5 | S14: =IFERROR((T14+U14)/R14,"-") -> 1 | T14: 1 | U14: 4 | V14: 0 | W14: =IFERROR((X14+Y14)/R14,"-") -> 1 | X14: 2 | Y14: 3 | Z14: 0 | AA14: =SUM(AC14:AE14) -> 2 | AB14: =IFERROR((AC14+AD14)/AA14,"-") -> 1 | AC14: 1 | AD14: 1 | AE14: 0 | AF14: =C14 -> 中森真翔
B15: 8 | C15: 浜浦幸太郎 | D15: 84 | E15: =G15+AA15+'Individual AT 1026_vs帝京'!G15+'Individual AT 1026_vs帝京'!N15 -> 50 | F15: =IFERROR(E15/D15*80,"-") -> 47.619048 | G15: =I15+R15 -> 12 | H15: =IFERROR((K15+L15+T15+U15)/G15,"-") -> 0.91666667 | I15: =SUM(K15:M15) -> 7 | J15: =IFERROR((K15+L15)/I15,"-") -> 1 | K15: 0 | L15: 7 | M15: 0 | N15: =IFERROR((O15+P15)/I15,"-") -> 0.85714286 | O15: 0 | P15: 6 | Q15: 1 | R15: =SUM(T15:V15) -> 5 | S15: =IFERROR((T15+U15)/R15,"-") -> 0.8 | T15: 1 | U15: 3 | V15: 1 | W15: =IFERROR((X15+Y15)/R15,"-") -> 0.8 | X15: 1 | Y15: 3 | Z15: 0 | AA15: =SUM(AC15:AE15) -> 4 | AB15: =IFERROR((AC15+AD15)/AA15,"-") -> 0.5 | AC15: 0 | AD15: 2 | AE15: 2 | AF15: =C15 -> 浜浦幸太郎
B16: 9 | C16: 高橋佑太朗 | D16: 84 | E16: =G16+AA16+'Individual AT 1026_vs帝京'!G16+'Individual AT 1026_vs帝京'!N16 -> 16 | F16: =IFERROR(E16/D16*80,"-") -> 15.238095 | G16: =I16+R16 -> 10 | H16: =IFERROR((K16+L16+T16+U16)/G16,"-") -> 0.9 | I16: =SUM(K16:M16) -> 6 | J16: =IFERROR((K16+L16)/I16,"-") -> 0.83333333 | K16: 1 | L16: 4 | M16: 1 | N16: =IFERROR((O16+P16)/I16,"-") -> 0.66666667 | O16: 1 | P16: 3 | Q16: 1 | R16: =SUM(T16:V16) -> 4 | S16: =IFERROR((T16+U16)/R16,"-") -> 1 | T16: 0 | U16: 4 | V16: 0 | W16: =IFERROR((X16+Y16)/R16,"-") -> 0.75 | X16: 2 | Y16: 1 | Z16: 1 | AA16: =SUM(AC16:AE16) -> 0 | AB16: =IFERROR((AC16+AD16)/AA16,"-") -> - | AC16: 0 | AD16: 0 | AE16: 0 | AF16: =C16 -> 高橋佑太朗
B17: 10 | C17: 楢本幹志朗 | D17: 84 | E17: =G17+AA17+'Individual AT 1026_vs帝京'!G17+'Individual AT 1026_vs帝京'!N17 -> 8 | F17: =IFERROR(E17/D17*80,"-") -> 7.6190476 | G17: =I17+R17 -> 2 | H17: =IFERROR((K17+L17+T17+U17)/G17,"-") -> 1 | I17: =SUM(K17:M17) -> 1 | J17: =IFERROR((K17+L17)/I17,"-") -> 1 | K17: 0 | L17: 1 | M17: 0 | N17: =IFERROR((O17+P17)/I17,"-") -> 1 | O17: 0 | P17: 1 | Q17: 0 | R17: =SUM(T17:V17) -> 1 | S17: =IFERROR((T17+U17)/R17,"-") -> 1 | T17: 0 | U17: 1 | V17: 0 | W17: =IFERROR((X17+Y17)/R17,"-") -> 1 | X17: 0 | Y17: 1 | Z17: 0 | AA17: =SUM(AC17:AE17) -> 1 | AB17: =IFERROR((AC17+AD17)/AA17,"-") -> 1 | AC17: 1 | AD17: 0 | AE17: 0 | AF17: =C17 -> 楢本幹志朗
B18: 11 | C18: 内田慎乃甫 | D18: 84 | E18: =G18+AA18+'Individual AT 1026_vs帝京'!G18+'Individual AT 1026_vs帝京'!N18 -> 25 | F18: =IFERROR(E18/D18*80,"-") -> 23.809524 | G18: =I18+R18 -> 8 | H18: =IFERROR((K18+L18+T18+U18)/G18,"-") -> 0.875 | I18: =SUM(K18:M18) -> 5 | J18: =IFERROR((K18+L18)/I18,"-") -> 1 | K18: 1 | L18: 4 | M18: 0 | N18: =IFERROR((O18+P18)/I18,"-") -> 0.6 | O18: 0 | P18: 3 | Q18: 2 | R18: =SUM(T18:V18) -> 3 | S18: =IFERROR((T18+U18)/R18,"-") -> 0.66666667 | T18: 1 | U18: 1 | V18: 1 | W18: =IFERROR((X18+Y18)/R18,"-") -> 0.66666667 | X18: 0 | Y18: 2 | Z18: 0 | AA18: =SUM(AC18:AE18) -> 1 | AB18: =IFERROR((AC18+AD18)/AA18,"-") -> 1 | AC18: 1 | AD18: 0 | AE18: 0 | AF18: =C18 -> 内田慎乃甫
B19: 12 | C19: 大内田陽冬 | D19: 74 | E19: =G19+AA19+'Individual AT 1026_vs帝京'!G19+'Individual AT 1026_vs帝京'!N19 -> 38 | F19: =IFERROR(E19/D19*80,"-") -> 41.081081 | G19: =I19+R19 -> 14 | H19: =IFERROR((K19+L19+T19+U19)/G19,"-") -> 0.85714286 | I19: =SUM(K19:M19) -> 8 | J19: =IFERROR((K19+L19)/I19,"-") -> 0.875 | K19: 2 | L19: 5 | M19: 1 | N19: =IFERROR((O19+P19)/I19,"-") -> 0.625 | O19: 3 | P19: 2 | Q19: 2 | R19: =SUM(T19:V19) -> 6 | S19: =IFERROR((T19+U19)/R19,"-") -> 0.83333333 | T19: 1 | U19: 4 | V19: 1 | W19: =IFERROR((X19+Y19)/R19,"-") -> 0.5 | X19: 1 | Y19: 2 | Z19: 2 | AA19: =SUM(AC19:AE19) -> 1 | AB19: =IFERROR((AC19+AD19)/AA19,"-") -> 1 | AC19: 0 | AD19: 1 | AE19: 0 | AF19: =C19 -> 大内田陽冬
B20: 13 | C20: 東島和哉 | D20: 84 | E20: =G20+AA20+'Individual AT 1026_vs帝京'!G20+'Individual AT 1026_vs帝京'!N20 -> 31 | F20: =IFERROR(E20/D20*80,"-") -> 29.52381 | G20: =I20+R20 -> 12 | H20: =IFERROR((K20+L20+T20+U20)/G20,"-") -> 0.66666667 | I20: =SUM(K20:M20) -> 9 | J20: =IFERROR((K20+L20)/I20,"-") -> 0.55555556 | K20: 0 | L20: 5 | M20: 4 | N20: =IFERROR((O20+P20)/I20,"-") -> 0.55555556 | O20: 0 | P20: 5 | Q20: 0 | R20: =SUM(T20:V20) -> 3 | S20: =IFERROR((T20+U20)/R20,"-") -> 1 | T20: 1 | U20: 2 | V20: 0 | W20: =IFERROR((X20+Y20)/R20,"-") -> 1 | X20: 1 | Y20: 2 | Z20: 0 | AA20: =SUM(AC20:AE20) -> 1 | AB20: =IFERROR((AC20+AD20)/AA20,"-") -> 1 | AC20: 1 | AD20: 0 | AE20: 0 | AF20: =C20 -> 東島和哉
... B24: 17 | C24: 小澤一誠 | D24: 9 | E24: =G24+AA24+'Individual AT 1026_vs帝京'!G24+'Individual AT 1026_vs帝京'!N24 -> 12 | F24: =IFERROR(E24/D24*80,"-") -> 106.66667 | G24: =I24+R24 -> 7 | H24: =IFERROR((K24+L24+T24+U24)/G24,"-") -> 0.85714286 | I24: =SUM(K24:M24) -> 4 | J24: =IFERROR((K24+L24)/I24,"-") -> 0.75 | K24: 0 | L24: 3 | M24: 1 | N24: =IFERROR((O24+P24)/I24,"-") -> 0.5 | O24: 0 | P24: 2 | Q24: 1 | R24: =SUM(T24:V24) -> 3 | S24: =IFERROR((T24+U24)/R24,"-") -> 1 | T24: 1 | U24: 2 | V24: 0 | W24: =IFERROR((X24+Y24)/R24,"-") -> 0.33333333 | X24: 1 | Y24: 0 | Z24: 2 | AA24: =SUM(AC24:AE24) -> 0 | AB24: =IFERROR((AC24+AD24)/AA24,"-") -> - | AC24: 0 | AD24: 0 | AE24: 0 | AF24: =C24 -> 小澤一誠
B25: 18 | C25: イーゴリ | D25: 0 | E25: - | F25: =IFERROR(E25/D25*80,"-") -> - | G25: - | H25: =IFERROR((K25+L25+T25+U25)/G25,"-") -> - | I25: - | J25: =IFERROR((K25+L25)/I25,"-") -> - | K25: - | L25: - | M25: - | N25: =IFERROR((O25+P25)/I25,"-") -> - | O25: - | P25: - | Q25: - | R25: - | S25: =IFERROR((T25+U25)/R25,"-") -> - | T25: - | U25: - | V25: - | W25: =IFERROR((X25+Y25)/R25,"-") -> - | X25: - | Y25: - | Z25: - | AA25: - | AB25: =IFERROR((AC25+AD25)/AA25,"-") -> - | AC25: - | AD25: - | AE25: - | AF25: =C25 -> イーゴリ
B26: 19 | C26: 加島優陽 | D26: 0 | E26: - | F26: =IFERROR(E26/D26*80,"-") -> - | G26: - | H26: =IFERROR((K26+L26+T26+U26)/G26,"-") -> - | I26: - | J26: - | K26: - | L26: - | M26: - | N26: =IFERROR((O26+P26)/I26,"-") -> - | O26: - | P26: - | Q26: - | R26: - | S26: =IFERROR((T26+U26)/R26,"-") -> - | T26: - | U26: - | V26: - | W26: =IFERROR((X26+Y26)/R26,"-") -> - | X26: - | Y26: - | Z26: - | AA26: - | AB26: =IFERROR((AC26+AD26)/AA26,"-") -> - | AC26: - | AD26: - | AE26: - | AF26: =C26 -> 加島優陽
B27: 20 | C27: 高木海斗 | D27: 0 | E27: - | F27: =IFERROR(E27/D27*80,"-") -> - | G27: - | H27: =IFERROR((K27+L27+T27+U27)/G27,"-") -> - | I27: - | J27: =IFERROR((K27+L27)/I27,"-") -> - | K27: - | L27: - | M27: - | N27: =IFERROR((O27+P27)/I27,"-") -> - | O27: - | P27: - | Q27: - | R27: - | S27: =IFERROR((T27+U27)/R27,"-") -> - | T27: - | U27: - | V27: - | W27: =IFERROR((X27+Y27)/R27,"-") -> - | X27: - | Y27: - | Z27: - | AA27: - | AB27: =IFERROR((AC27+AD27)/AA27,"-") -> - | AC27: - | AD27: - | AE27: - | AF27: =C27 -> 高木海斗
B28: 21 | C28: 深田衣咲 | D28: 18 | E28: =G28+AA28+'Individual AT 1026_vs帝京'!G28+'Individual AT 1026_vs帝京'!N28 -> 2 | F28: =IFERROR(E28/D28*80,"-") -> 8.8888889 | G28: =I28+R28 -> 0 | H28: =IFERROR((K28+L28+T28+U28)/G28,"-") -> - | I28: =SUM(K28:M28) -> 0 | J28: =IFERROR((K28+L28)/I28,"-") -> - | K28: 0 | L28: 0 | M28: 0 | N28: =IFERROR((O28+P28)/I28,"-") -> - | O28: 0 | P28: 0 | Q28: 0 | R28: =SUM(T28:V28) -> 0 | S28: =IFERROR((T28+U28)/R28,"-") -> - | T28: 0 | U28: 0 | V28: 0 | W28: =IFERROR((X28+Y28)/R28,"-") -> - | X28: 0 | Y28: 0 | Z28: 0 | AA28: =SUM(AC28:AE28) -> 0 | AB28: =IFERROR((AC28+AD28)/AA28,"-") -> - | AC28: 0 | AD28: 0 | AE28: 0 | AF28: =C28 -> 深田衣咲
B29: 22 | C29: 水澤雄太 | D29: 0 | E29: - | F29: =IFERROR(E29/D29*80,"-") -> - | G29: - | H29: =IFERROR((K29+L29+T29+U29)/G29,"-") -> - | I29: - | J29: =IFERROR((K29+L29)/I29,"-") -> - | K29: - | L29: - | M29: - | N29: =IFERROR((O29+P29)/I29,"-") -> - | O29: - | P29: - | Q29: - | R29: - | S29: =IFERROR((T29+U29)/R29,"-") -> - | T29: - | U29: - | V29: - | W29: =IFERROR((X29+Y29)/R29,"-") -> - | X29: - | Y29: - | Z29: - | AA29: - | AB29: =IFERROR((AC29+AD29)/AA29,"-") -> - | AC29: - | AD29: - | AE29: - | AF29: =C29 -> 水澤雄太
B30: 23 | C30: 今村颯汰 | D30: 10 | E30: =G30+AA30+'Individual AT 1026_vs帝京'!G30+'Individual AT 1026_vs帝京'!N30 -> 8 | F30: =IFERROR(E30/D30*80,"-") -> 64 | G30: =I30+R30 -> 6 | H30: =IFERROR((K30+L30+T30+U30)/G30,"-") -> 0.83333333 | I30: =SUM(K30:M30) -> 4 | J30: =IFERROR((K30+L30)/I30,"-") -> 0.75 | K30: 0 | L30: 3 | M30: 1 | N30: =IFERROR((O30+P30)/I30,"-") -> 0.5 | O30: 0 | P30: 2 | Q30: 1 | R30: =SUM(T30:V30) -> 2 | S30: =IFERROR((T30+U30)/R30,"-") -> 1 | T30: 0 | U30: 2 | V30: 0 | W30: =IFERROR((X30+Y30)/R30,"-") -> 1 | X30: 2 | Y30: 0 | Z30: 0 | AA30: =SUM(AC30:AE30) -> 0 | AB30: =IFERROR((AC30+AD30)/AA30,"-") -> - | AC30: 0 | AD30: 0 | AE30: 0 | AF30: =C30 -> 今村颯汰
B32: FW Total | G32: =SUM(G8:G15,G23:G27) -> 126 | I32: =SUM(I8:I15,I23:I27) -> 71 | J32: =SUM(K32:L32)/I32 -> 0.87323944 | K32: =SUM(K8:K15,K23:K27) -> 4 | L32: =SUM(L8:L15,L23:L27) -> 58 | M32: =SUM(M8:M15,M23:M27) -> 9 | N32: =SUM(O32:P32)/I32 -> 0.49295775 | O32: =SUM(O8:O15,O23:O27) -> 5 | P32: =SUM(P8:P15,P23:P27) -> 30 | Q32: =SUM(Q8:Q15,Q23:Q27) -> 27 | R32: =SUM(R8:R15,R23:R27) -> 55 | S32: =SUM(T32:U32)/R32 -> 0.92727273 | T32: =SUM(T8:T15,T23:T27) -> 5 | U32: =SUM(U8:U15,U23:U27) -> 46 | V32: =SUM(V8:V15,V23:V27) -> 4 | W32: =SUM(X32:Y32)/SUM(X32:Z32) -> 0.64705882 | X32: =SUM(X8:X15,X23:X27) -> 15 | Y32: =SUM(Y8:Y15,Y23:Y27) -> 18 | Z32: =SUM(Z8:Z15,Z23:Z27) -> 18 | AA32: =SUM(AA8:AA15,AA23:AA27) -> 20 | AB32: =SUM(AC32:AD32)/SUM(AC32:AE32) -> 0.59090909 | AC32: =SUM(AC8:AC15,AC23:AC27) -> 4 | AD32: =SUM(AD8:AD15,AD23:AD27) -> 9 | AE32: =SUM(AE8:AE15,AE23:AE27) -> 9 | AF32: FW Total
B33: BK Total | G33: =SUM(G16:G22,G28:G30) -> 64 | I33: =SUM(I16:I22,I28:I30) -> 40 | J33: =SUM(K33:L33)/I33 -> 0.775 | K33: =SUM(K16:K22,K28:K30) -> 5 | L33: =SUM(L16:L22,L28:L30) -> 26 | M33: =SUM(M16:M22,M28:M30) -> 9 | N33: =SUM(O33:P33)/I33 -> 0.6 | O33: =SUM(O16:O22,O28:O30) -> 4 | P33: =SUM(P16:P22,P28:P30) -> 20 | Q33: =SUM(Q16:Q22,Q28:Q30) -> 7 | R33: =SUM(R16:R22,R28:R30) -> 24 | S33: =SUM(T33:U33)/R33 -> 0.875 | T33: =SUM(T16:T22,T28:T30) -> 3 | U33: =SUM(U16:U22,U28:U30) -> 18 | V33: =SUM(V16:V22,V28:V30) -> 3 | W33: =SUM(X33:Y33)/SUM(X33:Z33) -> 0.85714286 | X33: =SUM(X16:X22,X28:X30) -> 7 | Y33: =SUM(Y16:Y22,Y28:Y30) -> 11 | Z33: =SUM(Z16:Z22,Z28:Z30) -> 3 | AA33: =SUM(AA16:AA22,AA28:AA30) -> 4 | AB33: =SUM(AC33:AD33)/SUM(AC33:AE33) -> 1 | AC33: =SUM(AC16:AC22,AC28:AC30) -> 3 | AD33: =SUM(AD16:AD22,AD28:AD30) -> 1 | AE33: =SUM(AE16:AE22,AE28:AE30) -> 0 | AF33: BK Total
B34: Team Total | G34: =SUM(G8:G30) -> 190 | I34: =SUM(I8:I30) -> 111 | J34: =SUM(K34:L34)/I34 -> 0.83783784 | K34: =SUM(K8:K30) -> 9 | L34: =SUM(L8:L30) -> 84 | M34: =SUM(M8:M30) -> 18 | N34: =SUM(O34:P34)/I34 -> 0.53153153 | O34: =SUM(O8:O30) -> 9 | P34: =SUM(P8:P30) -> 50 | Q34: =SUM(Q8:Q30) -> 34 | R34: =SUM(R8:R30) -> 79 | S34: =SUM(T34:U34)/R34 -> 0.91139241 | T34: =SUM(T8:T30) -> 8 | U34: =SUM(U8:U30) -> 64 | V34: =SUM(V8:V30) -> 7 | W34: =SUM(X34:Y34)/SUM(X34:Z34) -> 0.70833333 | X34: =SUM(X8:X30) -> 22 | Y34: =SUM(Y8:Y30) -> 29 | Z34: =SUM(Z8:Z30) -> 21 | AA34: =SUM(AA8:AA30) -> 24 | AB34: =SUM(AC34:AD34)/SUM(AC34:AE34) -> 0.65384615 | AC34: =SUM(AC8:AC30) -> 7 | AD34: =SUM(AD8:AD30) -> 10 | AE34: =SUM(AE8:AE30) -> 9 | AF34: Team Total
B35: Team Average | G35: =AVERAGE(G8:G30) -> 10 | I35: =AVERAGE(I8:I30) -> 5.8421053 | K35: =AVERAGE(K8:K30) -> 0.47368421 | L35: =AVERAGE(L8:L30) -> 4.4210526 | M35: =AVERAGE(M8:M30) -> 0.94736842 | O35: =AVERAGE(O8:O30) -> 0.47368421 | P35: =AVERAGE(P8:P30) -> 2.6315789 | Q35: =AVERAGE(Q8:Q30) -> 1.7894737 | R35: =AVERAGE(R8:R30) -> 4.1578947 | T35: =AVERAGE(T8:T30) -> 0.42105263 | U35: =AVERAGE(U8:U30) -> 3.3684211 | V35: =AVERAGE(V8:V30) -> 0.36842105 | X35: =AVERAGE(X8:X30) -> 1.1578947 | Y35: =AVERAGE(Y8:Y30) -> 1.5263158 | Z35: =AVERAGE(Z8:Z30) -> 1.1052632 | AA35: =AVERAGE(AA8:AA30) -> 1.2631579 | AC35: =AVERAGE(AC8:AC30) -> 0.36842105 | AD35: =AVERAGE(AD8:AD30) -> 0.52631579 | AE35: =AVERAGE(AE8:AE30) -> 0.47368421 | AF35: Team Average

Sheet Individual AT 1026_vs帝京
B2: vs | C2: ='Summary 1026_vs帝京'!O3 -> 帝京大学 | F2: Individual AT Stats | O2: 分析担当 | S2: 表 | Y2: B2,3 | AA2: 中矢陸
B4: Team Stats | E4: Body Ball Control | J4: =H34 -> 0.87 | N4: Support | R4: =O34 -> 0.92093023 | U4: B3 | X4: =T34 -> 0.70188679 | Z4: B2 | AC4: =Z34 -> 0.4754717
G6: Carrier Contact | N6: Support | S6: B3 | Y6: B2
D7: 出場時間 | E7: プレー総数 | F7: プレー換算値 | G7: 合計 | H7: Good/Stay ％ | I7: BB% | J7: Gain◎ | K7: Stay○ | L7: 後退△ | M7: Lost× | N7: 合計 | O7: ％ | P7: EXELLENT◎ | Q7: GOOD○ | R7: BAD× | S7: 合計 | T7: ％ | U7: Carrier○ | V7: Carrier× | W7: Support○ | X7: Support× | Y7: 合計 | Z7: ％ | AA7: Carrier○ | AB7: Carrier× | AC7: Support○ | AD7: Support× | AE7: 選手名
B8: 1 | C8: ='Individual DF 1026_vs帝京'!C8 -> 湯浅大心 | D8: ='Individual DF 1026_vs帝京'!D8 -> 75 | E8: ='Individual DF 1026_vs帝京'!E8 -> 30 | F8: ='Individual DF 1026_vs帝京'!F8 -> 32 | G8: =SUM(J8:M8) -> 11 | H8: =IFERROR((J8+K8)/SUM(J8:M8),"-") -> 0.90909091 | I8: =IFERROR(SUM(J8:L8)/SUM(J8:M8),"-") -> 1 | J8: 1 | K8: 9 | L8: 1 | M8: 0 | N8: =SUM(P8:R8) -> 11 | O8: =IFERROR((P8+Q8)/N8,"-") -> 1 | P8: 0 | Q8: 11 | R8: 0 | S8: =SUM(U8:X8) -> 19 | T8: =IFERROR((U8+W8)/S8,"-") -> 0.57894737 | U8: 5 | V8: 4 | W8: 6 | X8: 4 | Y8: =SUM(AA8:AD8) -> 19 | Z8: =IFERROR((AA8+AC8)/Y8,"-") -> 0.36842105 | AA8: 2 | AB8: 7 | AC8: 5 | AD8: 5 | AE8: =C8 -> 湯浅大心
B9: 2 | C9: ='Individual DF 1026_vs帝京'!C9 -> 前川陽来 | D9: ='Individual DF 1026_vs帝京'!D9 -> 80 | E9: ='Individual DF 1026_vs帝京'!E9 -> 40 | F9: ='Individual DF 1026_vs帝京'!F9 -> 40 | G9: =SUM(J9:M9) -> 4 | H9: =IFERROR((J9+K9)/SUM(J9:M9),"-") -> 1 | I9: =IFERROR(SUM(J9:L9)/SUM(J9:M9),"-") -> 1 | J9: 0 | K9: 4 | L9: 0 | M9: 0 | N9: =SUM(P9:R9) -> 23 | O9: =IFERROR((P9+Q9)/N9,"-") -> 0.95652174 | P9: 1 | Q9: 21 | R9: 1 | S9: =SUM(U9:X9) -> 23 | T9: =IFERROR((U9+W9)/S9,"-") -> 0.82608696 | U9: 2 | V9: 1 | W9: 17 | X9: 3 | Y9: =SUM(AA9:AD9) -> 23 | Z9: =IFERROR((AA9+AC9)/Y9,"-") -> 0.56521739 | AA9: 0 | AB9: 3 | AC9: 13 | AD9: 7 | AE9: =C9 -> 前川陽来
B10: 3 | C10: ='Individual DF 1026_vs帝京'!C10 -> 茨木海斗 | D10: ='Individual DF 1026_vs帝京'!D10 -> 84 | E10: ='Individual DF 1026_vs帝京'!E10 -> 44 | F10: ='Individual DF 1026_vs帝京'!F10 -> 41.904762 | G10: =SUM(J10:M10) -> 4 | H10: =IFERROR((J10+K10)/SUM(J10:M10),"-") -> 0.5 | I10: =IFERROR(SUM(J10:L10)/SUM(J10:M10),"-") -> 0.5 | J10: 0 | K10: 2 | L10: 0 | M10: 2 | N10: =SUM(P10:R10) -> 21 | O10: =IFERROR((P10+Q10)/N10,"-") -> 0.95238095 | P10: 0 | Q10: 20 | R10: 1 | S10: =SUM(U10:X10) -> 20 | T10: =IFERROR((U10+W10)/S10,"-") -> 0.75 | U10: 2 | V10: 2 | W10: 13 | X10: 3 | Y10: =SUM(AA10:AD10) -> 20 | Z10: =IFERROR((AA10+AC10)/Y10,"-") -> 0.45 | AA10: 2 | AB10: 2 | AC10: 7 | AD10: 9 | AE10: =C10 -> 茨木海斗
B11: 4 | C11: ='Individual DF 1026_vs帝京'!C11 -> 磯部俊太朗 | D11: ='Individual DF 1026_vs帝京'!D11 -> 84 | E11: ='Individual DF 1026_vs帝京'!E11 -> 53 | F11: ='Individual DF 1026_vs帝京'!F11 -> 50.47619 | G11: =SUM(J11:M11) -> 11 | H11: =IFERROR((J11+K11)/SUM(J11:M11),"-") -> 0.90909091 | I11: =IFERROR(SUM(J11:L11)/SUM(J11:M11),"-") -> 1 | J11: 1 | K11: 9 | L11: 1 | M11: 0 | N11: =SUM(P11:R11) -> 16 | O11: =IFERROR((P11+Q11)/N11,"-") -> 0.9375 | P11: 1 | Q11: 14 | R11: 1 | S11: =SUM(U11:X11) -> 24 | T11: =IFERROR((U11+W11)/S11,"-") -> 0.625 | U11: 4 | V11: 7 | W11: 11 | X11: 2 | Y11: =SUM(AA11:AD11) -> 24 | Z11: =IFERROR((AA11+AC11)/Y11,"-") -> 0.25 | AA11: 1 | AB11: 10 | AC11: 5 | AD11: 8 | AE11: =C11 -> 磯部俊太朗
B12: 5 | C12: ='Individual DF 1026_vs帝京'!C12 -> 白丸智乃祐 | D12: ='Individual DF 1026_vs帝京'!D12 -> 84 | E12: ='Individual DF 1026_vs帝京'!E12 -> 44 | F12: ='Individual DF 1026_vs帝京'!F12 -> 41.904762 | G12: =SUM(J12:M12) -> 3 | H12: =IFERROR((J12+K12)/SUM(J12:M12),"-") -> 1 | I12: =IFERROR(SUM(J12:L12)/SUM(J12:M12),"-") -> 1 | J12: 0 | K12: 3 | L12: 0 | M12: 0 | N12: =SUM(P12:R12) -> 24 | O12: =IFERROR((P12+Q12)/N12,"-") -> 0.91666667 | P12: 1 | Q12: 21 | R12: 2 | S12: =SUM(U12:X12) -> 20 | T12: =IFERROR((U12+W12)/S12,"-") -> 0.75 | U12: 2 | V12: 1 | W12: 13 | X12: 4 | Y12: =SUM(AA12:AD12) -> 20 | Z12: =IFERROR((AA12+AC12)/Y12,"-") -> 0.45 | AA12: 1 | AB12: 2 | AC12: 8 | AD12: 9 | AE12: =C12 -> 白丸智乃祐
B13: 6 | C13: ='Individual DF 1026_vs帝京'!C13 -> 大町尚生 | D13: ='Individual DF 1026_vs帝京'!D13 -> 84 | E13: ='Individual DF 1026_vs帝京'!E13 -> 48 | F13: ='Individual DF 1026_vs帝京'!F13 -> 45.714286 | G13: =SUM(J13:M13) -> 2 | H13: =IFERROR((J13+K13)/SUM(J13:M13),"-") -> 1 | I13: =IFERROR(SUM(J13:L13)/SUM(J13:M13),"-") -> 1 | J13: 0 | K13: 2 | L13: 0 | M13: 0 | N13: =SUM(P13:R13) -> 29 | O13: =IFERROR((P13+Q13)/N13,"-") -> 0.96551724 | P13: 0 | Q13: 28 | R13: 1 | S13: =SUM(U13:X13) -> 28 | T13: =IFERROR((U13+W13)/S13,"-") -> 0.78571429 | U13: 0 | V13: 1 | W13: 22 | X13: 5 | Y13: =SUM(AA13:AD13) -> 28 | Z13: =IFERROR((AA13+AC13)/Y13,"-") -> 0.60714286 | AA13: 0 | AB13: 1 | AC13: 17 | AD13: 10 | AE13: =C13 -> 大町尚生
B14: 7 | C14: ='Individual DF 1026_vs帝京'!C14 -> 中森真翔 | D14: ='Individual DF 1026_vs帝京'!D14 -> 84 | E14: ='Individual DF 1026_vs帝京'!E14 -> 26 | F14: ='Individual DF 1026_vs帝京'!F14 -> 24.761905 | G14: =SUM(J14:M14) -> 4 | H14: =IFERROR((J14+K14)/SUM(J14:M14),"-") -> 1 | I14: =IFERROR(SUM(J14:L14)/SUM(J14:M14),"-") -> 1 | J14: 0 | K14: 4 | L14: 0 | M14: 0 | N14: =SUM(P14:R14) -> 9 | O14: =IFERROR((P14+Q14)/N14,"-") -> 0.77777778 | P14: 0 | Q14: 7 | R14: 2 | S14: =SUM(U14:X14) -> 12 | T14: =IFERROR((U14+W14)/S14,"-") -> 0.83333333 | U14: 4 | V14: 0 | W14: 6 | X14: 2 | Y14: =SUM(AA14:AD14) -> 12 | Z14: =IFERROR((AA14+AC14)/Y14,"-") -> 0.5 | AA14: 1 | AB14: 3 | AC14: 5 | AD14: 3 | AE14: =C14 -> 中森真翔
B15: 8 | C15: ='Individual DF 1026_vs帝京'!C15 -> 浜浦幸太郎 | D15: ='Individual DF 1026_vs帝京'!D15 -> 84 | E15: ='Individual DF 1026_vs帝京'!E15 -> 50 | F15: ='Individual DF 1026_vs帝京'!F15 -> 47.619048 | G15: =SUM(J15:M15) -> 11 | H15: =IFERROR((J15+K15)/SUM(J15:M15),"-") -> 0.81818182 | I15: =IFERROR(SUM(J15:L15)/SUM(J15:M15),"-") -> 0.81818182 | J15: 2 | K15: 7 | L15: 0 | M15: 2 | N15: =SUM(P15:R15) -> 23 | O15: =IFERROR((P15+Q15)/N15,"-") -> 0.95652174 | P15: 0 | Q15: 22 | R15: 1 | S15: =SUM(U15:X15) -> 31 | T15: =IFERROR((U15+W15)/S15,"-") -> 0.83870968 | U15: 4 | V15: 5 | W15: 22 | X15: 0 | Y15: =SUM(AA15:AD15) -> 31 | Z15: =IFERROR((AA15+AC15)/Y15,"-") -> 0.64516129 | AA15: 2 | AB15: 7 | AC15: 18 | AD15: 4 | AE15: =C15 -> 浜浦幸太郎
B16: 9 | C16: ='Individual DF 1026_vs帝京'!C16 -> 高橋佑太朗 | D16: ='Individual DF 1026_vs帝京'!D16 -> 84 | E16: ='Individual DF 1026_vs帝京'!E16 -> 16 | F16: ='Individual DF 1026_vs帝京'!F16 -> 15.238095 | G16: =SUM(J16:M16) -> 5 | H16: =IFERROR((J16+K16)/SUM(J16:M16),"-") -> 0.8 | I16: =IFERROR(SUM(J16:L16)/SUM(J16:M16),"-") -> 0.8 | J16: 0 | K16: 4 | L16: 0 | M16: 1 | N16: =SUM(P16:R16) -> 1 | O16: =IFERROR((P16+Q16)/N16,"-") -> 1 | P16: 0 | Q16: 1 | R16: 0 | S16: =SUM(U16:X16) -> 3 | T16: =IFERROR((U16+W16)/S16,"-") -> 0.33333333 | U16: 1 | V16: 1 | W16: 0 | X16: 1 | Y16: =SUM(AA16:AD16) -> 3 | Z16: =IFERROR((AA16+AC16)/Y16,"-") -> 0 | AA16: 0 | AB16: 2 | AC16: 0 | AD16: 1 | AE16: =C16 -> 高橋佑太朗
B17: 10 | C17: ='Individual DF 1026_vs帝京'!C17 -> 楢本幹志朗 | D17: ='Individual DF 1026_vs帝京'!D17 -> 84 | E17: ='Individual DF 1026_vs帝京'!E17 -> 8 | F17: ='Individual DF 1026_vs帝京'!F17 -> 7.6190476 | G17: =SUM(J17:M17) -> 1 | H17: =IFERROR((J17+K17)/SUM(J17:M17),"-") -> 1 | I17: =IFERROR(SUM(J17:L17)/SUM(J17:M17),"-") -> 1 | J17: 0 | K17: 1 | L17: 0 | M17: 0 | N17: =SUM(P17:R17) -> 4 | O17: =IFERROR((P17+Q17)/N17,"-") -> 0.75 | P17: 0 | Q17: 3 | R17: 1 | S17: =SUM(U17:X17) -> 3 | T17: =IFERROR((U17+W17)/S17,"-") -> 0.66666667 | U17: 0 | V17: 0 | W17: 2 | X17: 1 | Y17: =SUM(AA17:AD17) -> 3 | Z17: =IFERROR((AA17+AC17)/Y17,"-") -> 0.33333333 | AA17: 0 | AB17: 0 | AC17: 1 | AD17: 2 | AE17: =C17 -> 楢本幹志朗
B18: 11 | C18: ='Individual DF 1026_vs帝京'!C18 -> 内田慎乃甫 | D18: ='Individual DF 1026_vs帝京'!D18 -> 84 | E18: ='Individual DF 1026_vs帝京'!E18 -> 25 | F18: ='Individual DF 1026_vs帝京'!F18 -> 23.809524 | G18: =SUM(J18:M18) -> 8 | H18: =IFERROR((J18+K18)/SUM(J18:M18),"-") -> 0.875 | I18: =IFERROR(SUM(J18:L18)/SUM(J18:M18),"-") -> 0.875 | J18: 0 | K18: 7 | L18: 0 | M18: 1 | N18: =SUM(P18:R18) -> 8 | O18: =IFERROR((P18+Q18)/N18,"-") -> 0.875 | P18: 0 | Q18: 7 | R18: 1 | S18: =SUM(U18:X18) -> 15 | T18: =IFERROR((U18+W18)/S18,"-") -> 0.6 | U18: 5 | V18: 3 | W18: 4 | X18: 3 | Y18: =SUM(AA18:AD18) -> 15 | Z18: =IFERROR((AA18+AC18)/Y18,"-") -> 0.33333333 | AA18: 2 | AB18: 6 | AC18: 3 | AD18: 4 | AE18: =C18 -> 内田慎乃甫
B19: 12 | C19: ='Individual DF 1026_vs帝京'!C19 -> 大内田陽冬 | D19: ='Individual DF 1026_vs帝京'!D19 -> 74 | E19: ='Individual DF 1026_vs帝京'!E19 -> 38 | F19: ='Individual DF 1026_vs帝京'!F19 -> 41.081081 | G19: =SUM(J19:M19) -> 14 | H19: =IFERROR((J19+K19)/SUM(J19:M19),"-") -> 0.92857143 | I19: =IFERROR(SUM(J19:L19)/SUM(J19:M19),"-") -> 1 | J19: 3 | K19: 10 | L19: 1 | M19: 0 | N19: =SUM(P19:R19) -> 9 | O19: =IFERROR((P19+Q19)/N19,"-") -> 0.88888889 | P19: 0 | Q19: 8 | R19: 1 | S19: =SUM(U19:X19) -> 22 | T19: =IFERROR((U19+W19)/S19,"-") -> 0.59090909 | U19: 5 | V19: 7 | W19: 8 | X19: 2 | Y19: =SUM(AA19:AD19) -> 22 | Z19: =IFERROR((AA19+AC19)/Y19,"-") -> 0.40909091 | AA19: 3 | AB19: 9 | AC19: 6 | AD19: 4 | AE19: =C19 -> 大内田陽冬
... B24: 17 | C24: ='Individual DF 1026_vs帝京'!C24 -> 小澤一誠 | D24: ='Individual DF 1026_vs帝京'!D24 -> 9 | E24: ='Individual DF 1026_vs帝京'!E24 -> 12 | F24: ='Individual DF 1026_vs帝京'!F24 -> 106.66667 | G24: =SUM(J24:M24) -> 2 | H24: =IFERROR((J24+K24)/SUM(J24:M24),"-") -> 1 | I24: =IFERROR(SUM(J24:L24)/SUM(J24:M24),"-") -> 1 | J24: 0 | K24: 2 | L24: 0 | M24: 0 | N24: =SUM(P24:R24) -> 3 | O24: =IFERROR((P24+Q24)/N24,"-") -> 1 | P24: 0 | Q24: 3 | R24: 0 | S24: =SUM(U24:X24) -> 4 | T24: =IFERROR((U24+W24)/S24,"-") -> 0.75 | U24: 1 | V24: 1 | W24: 2 | X24: 0 | Y24: =SUM(AA24:AD24) -> 4 | Z24: =IFERROR((AA24+AC24)/Y24,"-") -> 0.25 | AA24: 0 | AB24: 2 | AC24: 1 | AD24: 1 | AE24: =C24 -> 小澤一誠
B25: 18 | C25: ='Individual DF 1026_vs帝京'!C25 -> イーゴリ | D25: ='Individual DF 1026_vs帝京'!D25 -> 0 | E25: ='Individual DF 1026_vs帝京'!E25 -> - | F25: ='Individual DF 1026_vs帝京'!F25 -> - | G25: =SUM(J25:M25) -> 0 | H25: =IFERROR((J25+K25)/SUM(J25:M25),"-") -> - | I25: =IFERROR(SUM(J25:L25)/SUM(J25:M25),"-") -> - | J25: - | K25: - | L25: - | M25: - | N25: - | O25: =IFERROR((P25+Q25)/N25,"-") -> - | P25: - | Q25: - | R25: - | S25: - | T25: =IFERROR((U25+W25)/S25,"-") -> - | U25: - | V25: - | W25: - | X25: - | Y25: - | Z25: =IFERROR((AA25+AC25)/Y25,"-") -> - | AA25: - | AB25: - | AC25: - | AD25: - | AE25: =C25 -> イーゴリ
B26: 19 | C26: ='Individual DF 1026_vs帝京'!C26 -> 加島優陽 | D26: ='Individual DF 1026_vs帝京'!D26 -> 0 | E26: ='Individual DF 1026_vs帝京'!E26 -> - | F26: ='Individual DF 1026_vs帝京'!F26 -> - | G26: =SUM(J26:M26) -> 0 | H26: =IFERROR((J26+K26)/SUM(J26:M26),"-") -> - | I26: =IFERROR(SUM(J26:L26)/SUM(J26:M26),"-") -> - | J26: - | K26: - | L26: - | M26: - | N26: - | O26: - | P26: - | Q26: - | R26: - | S26: - | T26: - | U26: - | V26: - | W26: - | X26: - | Y26: - | Z26: - | AA26: - | AB26: - | AC26: - | AD26: - | AE26: =C26 -> 加島優陽
B27: 20 | C27: ='Individual DF 1026_vs帝京'!C27 -> 高木海斗 | D27: ='Individual DF 1026_vs帝京'!D27 -> 0 | E27: ='Individual DF 1026_vs帝京'!E27 -> - | F27: ='Individual DF 1026_vs帝京'!F27 -> - | G27: =SUM(J27:M27) -> 0 | H27: =IFERROR((J27+K27)/SUM(J27:M27),"-") -> - | I27: =IFERROR(SUM(J27:L27)/SUM(J27:M27),"-") -> - | J27: - | K27: - | L27: - | M27: - | N27: - | O27: - | P27: - | Q27: - | R27: - | S27: - | T27: - | U27: - | V27: - | W27: - | X27: - | Y27: - | Z27: =IFERROR((AA27+AC27)/Y27,"-") -> - | AA27: - | AB27: - | AC27: - | AD27: - | AE27: =C27 -> 高木海斗
B28: 21 | C28: ='Individual DF 1026_vs帝京'!C28 -> 深田衣咲 | D28: ='Individual DF 1026_vs帝京'!D28 -> 18 | E28: ='Individual DF 1026_vs帝京'!E28 -> 2 | F28: ='Individual DF 1026_vs帝京'!F28 -> 8.8888889 | G28: =SUM(J28:M28) -> 1 | H28: =IFERROR((J28+K28)/SUM(J28:M28),"-") -> 1 | I28: =IFERROR(SUM(J28:L28)/SUM(J28:M28),"-") -> 1 | J28: 0 | K28: 1 | L28: 0 | M28: 0 | N28: =SUM(P28:R28) -> 1 | O28: =IFERROR((P28+Q28)/N28,"-") -> 1 | P28: 0 | Q28: 1 | R28: 0 | S28: =SUM(U28:X28) -> 2 | T28: =IFERROR((U28+W28)/S28,"-") -> 0.5 | U28: 0 | V28: 1 | W28: 1 | X28: 0 | Y28: =SUM(AA28:AD28) -> 2 | Z28: =IFERROR((AA28+AC28)/Y28,"-") -> 0.5 | AA28: 0 | AB28: 1 | AC28: 1 | AD28: 0 | AE28: =C28 -> 深田衣咲
B29: 22 | C29: ='Individual DF 1026_vs帝京'!C29 -> 水澤雄太 | D29: ='Individual DF 1026_vs帝京'!D29 -> 0 | E29: ='Individual DF 1026_vs帝京'!E29 -> - | F29: ='Individual DF 1026_vs帝京'!F29 -> - | G29: =SUM(J29:M29) -> 0 | H29: =IFERROR((J29+K29)/SUM(J29:M29),"-") -> - | I29: =IFERROR(SUM(J29:L29)/SUM(J29:M29),"-") -> - | J29: - | K29: - | L29: - | M29: - | N29: - | O29: - | P29: - | Q29: - | R29: - | S29: - | T29: =IFERROR((U29+W29)/S29,"-") -> - | U29: - | V29: - | W29: - | X29: - | Y29: - | Z29: =IFERROR((AA29+AC29)/Y29,"-") -> - | AA29: - | AB29: - | AC29: - | AD29: - | AE29: =C29 -> 水澤雄太
B30: 23 | C30: ='Individual DF 1026_vs帝京'!C30 -> 今村颯汰 | D30: ='Individual DF 1026_vs帝京'!D30 -> 10 | E30: ='Individual DF 1026_vs帝京'!E30 -> 8 | F30: ='Individual DF 1026_vs帝京'!F30 -> 64 | G30: =SUM(J30:M30) -> 0 | H30: =IFERROR((J30+K30)/SUM(J30:M30),"-") -> - | I30: =IFERROR(SUM(J30:L30)/SUM(J30:M30),"-") -> - | J30: 0 | K30: 0 | L30: 0 | M30: 0 | N30: =SUM(P30:R30) -> 2 | O30: =IFERROR((P30+Q30)/N30,"-") -> 1 | P30: 0 | Q30: 2 | R30: 0 | S30: =SUM(U30:X30) -> 2 | T30: =IFERROR((U30+W30)/S30,"-") -> 1 | U30: 0 | V30: 0 | W30: 2 | X30: 0 | Y30: =SUM(AA30:AD30) -> 2 | Z30: =IFERROR((AA30+AC30)/Y30,"-") -> 1 | AA30: 0 | AB30: 0 | AC30: 2 | AD30: 0 | AE30: =C30 -> 今村颯汰
B32: FW Total | G32: =SUM(G8:G15,G23:G27) -> 52 | H32: =SUM(J32:K32)/G32 -> 0.88461538 | I32: =SUM(J32:L32)/G32 -> 0.92307692 | J32: =SUM(J8:J15,J23:J27) -> 4 | K32: =SUM(K8:K15,K23:K27) -> 42 | L32: =SUM(L8:L15,L23:L27) -> 2 | M32: =SUM(M8:M15,M23:M27) -> 4 | N32: =SUM(N8:N15,N23:N27) -> 159 | O32: =IFERROR((P32+Q32)/N32,"-") -> 0.94339623 | P32: =SUM(P8:P15,P23:P27) -> 3 | Q32: =SUM(Q8:Q15,Q23:Q27) -> 147 | R32: =SUM(R8:R15,R23:R27) -> 9 | S32: =SUM(S8:S15,S23:S27) -> 181 | T32: =(U32+W32)/S32 -> 0.75138122 | U32: =SUM(U8:U15,U23:U27) -> 24 | V32: =SUM(V8:V15,V23:V27) -> 22 | W32: =SUM(W8:W15,W23:W27) -> 112 | X32: =SUM(X8:X15,X23:X27) -> 23 | Y32: =SUM(Y8:Y15,Y23:Y27) -> 181 | Z32: =(AA32+AC32)/Y32 -> 0.48618785 | AA32: =SUM(AA8:AA15,AA23:AA27) -> 9 | AB32: =SUM(AB8:AB15,AB23:AB27) -> 37 | AC32: =SUM(AC8:AC15,AC23:AC27) -> 79 | AD32: =SUM(AD8:AD15,AD23:AD27) -> 56 | AE32: FW Total
B33: BK Total | G33: =SUM(G16:G22,G28:G30) -> 48 | H33: =SUM(J33:K33)/G33 -> 0.85416667 | I33: =SUM(J33:L33)/G33 -> 0.875 | J33: =SUM(J16:J22,J28:J30) -> 4 | K33: =SUM(K16:K22,K28:K30) -> 37 | L33: =SUM(L16:L22,L28:L30) -> 1 | M33: =SUM(M16:M22,M28:M30) -> 6 | N33: =SUM(N16:N22,N28:N30) -> 56 | O33: =IFERROR((P33+Q33)/N33,"-") -> 0.85714286 | P33: =SUM(P16:P22,P28:P30) -> 0 | Q33: =SUM(Q16:Q22,Q28:Q30) -> 48 | R33: =SUM(R16:R22,R28:R30) -> 8 | S33: =SUM(S16:S22,S28:S30) -> 84 | T33: =(U33+W33)/S33 -> 0.5952381 | U33: =SUM(U16:U22,U28:U30) -> 13 | V33: =SUM(V16:V22,V28:V30) -> 22 | W33: =SUM(W16:W22,W28:W30) -> 37 | X33: =SUM(X16:X22,X28:X30) -> 12 | Y33: =SUM(Y16:Y22,Y28:Y30) -> 84 | Z33: =(AA33+AC33)/Y33 -> 0.45238095 | AA33: =SUM(AA16:AA22,AA28:AA30) -> 7 | AB33: =SUM(AB16:AB22,AB28:AB30) -> 28 | AC33: =SUM(AC16:AC22,AC28:AC30) -> 31 | AD33: =SUM(AD16:AD22,AD28:AD30) -> 18 | AE33: BK Total
B34: Team Total | G34: =SUM(G8:G30) -> 100 | H34: =SUM(J34:K34)/G34 -> 0.87 | I34: =SUM(J34:L34)/G34 -> 0.9 | J34: =SUM(J8:J30) -> 8 | K34: =SUM(K8:K30) -> 79 | L34: =SUM(L8:L30) -> 3 | M34: =SUM(M8:M30) -> 10 | N34: =SUM(N8:N30) -> 215 | O34: =IFERROR((P34+Q34)/N34,"-") -> 0.92093023 | P34: =SUM(P8:P30) -> 3 | Q34: =SUM(Q8:Q30) -> 195 | R34: =SUM(R8:R30) -> 17 | S34: =SUM(S8:S30) -> 265 | T34: =(U34+W34)/S34 -> 0.70188679 | U34: =SUM(U8:U30) -> 37 | V34: =SUM(V8:V30) -> 44 | W34: =SUM(W8:W30) -> 149 | X34: =SUM(X8:X30) -> 35 | Y34: =SUM(Y8:Y30) -> 265 | Z34: =(AA34+AC34)/Y34 -> 0.4754717 | AA34: =SUM(AA8:AA30) -> 16 | AB34: =SUM(AB8:AB30) -> 65 | AC34: =SUM(AC8:AC30) -> 110 | AD34: =SUM(AD8:AD30) -> 74 | AE34: Team Total
B35: Team Average | G35: =AVERAGE(G8:G30) -> 4.3478261 | J35: =AVERAGE(J8:J30) -> 0.42105263 | K35: =AVERAGE(K8:K30) -> 4.1578947 | L35: =AVERAGE(L8:L30) -> 0.15789474 | M35: =AVERAGE(M8:M30) -> 0.52631579 | P35: =AVERAGE(P8:P30) -> 0.15789474 | Q35: =AVERAGE(Q8:Q30) -> 10.263158 | R35: =AVERAGE(R8:R30) -> 0.89473684 | S35: =AVERAGE(S8:S30) -> 13.947368 | U35: =AVERAGE(U8:U30) -> 1.9473684 | V35: =AVERAGE(V8:V30) -> 2.3157895 | W35: =AVERAGE(W8:W30) -> 7.8421053 | X35: =AVERAGE(X8:X30) -> 1.8421053 | Y35: =AVERAGE(Y8:Y30) -> 13.947368 | AA35: =AVERAGE(AA8:AA30) -> 0.84210526 | AB35: =AVERAGE(AB8:AB30) -> 3.4210526 | AC35: =AVERAGE(AC8:AC30) -> 5.7894737 | AD35: =AVERAGE(AD8:AD30) -> 3.8947368 | AE35: Team Average

Sheet Set 1026_vs帝京
A1: VS | B1: ='Summary 1026_vs帝京'!O3 -> 帝京大学 | L1: 試合会場 | N1: 足利ガスグラウンド | O1: 天候・G状況 雨 悪 | P1: 分析担当 | Q1: 岩重
A3: Set Play | L3: Penalty
A4: 筑波 | C4: 総数 | D4: 獲得率 | E4: 球出し○ | F4: 球出し× | G4: 相手反則 | H4: 被TO | I4: 筑波反則 | L4: =A4 -> 筑波 | N4: 1st | Q4: 2nd
A5: SC | B5: 1st | C5: =SUM(E5:I5) -> 3 | D5: =(E5+F5+G5)/C5 -> 0.66666667 | F5: 1 | G5: 1 | I5: 1 | L5: 名前 | M5: AT | N5: 内容 | Q5: FW | R5: AT | S5: 内容
B6: 2nd | C6: =SUM(E6:I6) -> 1 | D6: =(E6+F6+G6)/C6 -> 1 | G6: 1 | L6: FW | M6: AT | N6: コラプシング | R6: AT | S6: ゲートオフサイド
B7: Total | C7: =SUM(E7:J7) -> 4 | D7: =(E7+F7+G7)/C7 -> 0.75 | E7: =E5+E6 -> 0 | F7: =F5+F6 -> 1 | G7: =G5+G6 -> 2 | H7: =H5+H6 -> 0 | I7: =I5+I6 -> 1 | L7: 前川 | M7: DF | N7: ノーボールタックル | Q7: FW | R7: DF | S7: コラプシング
J8: NS | L8: 白丸 | M8: DF | N8: ノーバインド | R8: AT | S8: ノットリリースザボール
A9: LO | B9: 1st | C9: =SUM(E9:J9) -> 7 | D9: =(E9+F9+G9)/C9 -> 0.85714286 | E9: 4 | F9: 1 | G9: 1 | J9: 1 | R9: AT | S9: ダブルモーション
B10: 2nd | C10: =SUM(E10:J10) -> 11 | D10: =(E10+F10+G10)/C10 -> 0.90909091 | E10: 8 | F10: 2 | H10: 1 | R10: AT | S10: オーバーザトップ
B11: Total | C11: =SUM(E11:J11) -> 18 | D11: =(E11+F11+G11)/C11 -> 0.88888889 | E11: =E9+E10 -> 12 | F11: =F9+F10 -> 3 | G11: =G9+G10 -> 1 | H11: =H9+H10 -> 1 | I11: =I9+I10 -> 0 | J11: =J9+J10 -> 1
A14: =B1 -> 帝京大学 | C14: 総数 | D14: 獲得率 | E14: 球出し○ | F14: 球出し× | G14: 筑波反則 | H14: TO | I14: 相手反則
A15: SC | B15: 1st | C15: =SUM(E15:I15) -> 3 | D15: =(E15+F15+G15)/C15 -> 0.33333333 | F15: 1 | I15: 2
B16: 2nd | C16: =SUM(E16:I16) -> 3 | D16: =(E16+F16+G16)/C16 -> 1 | E16: 2 | G16: 1 | L16: =B1 -> 帝京大学 | N16: 1st
B17: Total | C17: =SUM(E17:I17) -> 6 | D17: =(E17+F17+G17)/C17 -> 0.66666667 | E17: =E15+E16 -> 2 | F17: =F15+F16 -> 1 | G17: =G15+G16 -> 1 | H17: =H15+H16 -> 0 | I17: =I15+I16 -> 2 | L17: FW | M17: AT | N17: コラプシング | R17: DF | S17: ノットロールアウェイ
J18: コンテスト | M18: AT | N18: ゲートオフサイド | Q18: FW | R18: AT | S18: アーリーセット
A19: LO | B19: 1st | C19: =SUM(E19:I19) -> 8 | D19: =(E19+F19+G19)/C19 -> 0.625 | E19: 2 | F19: 3 | H19: 3 | J19: 6 | M19: DF | N19: ゲートオフサイド | R19: DF | S19: オブストラクション
B20: 2nd | C20: =SUM(E20:I20) -> 6 | D20: =(E20+F20+G20)/C20 -> 1 | E20: 4 | F20: 2 | J20: 2 | L20: FW | M20: AT | N20: コラプシング | R20: DF | S20: ハイタックル
B21: Total | C21: =SUM(E21:I21) -> 14 | D21: =(E21+F21+G21)/C21 -> 0.78571429 | E21: =E19+E20 -> 6 | F21: =F19+F20 -> 5 | G21: =G19+G20 -> 0 | H21: =H19+H20 -> 3 | I21: =I19+I20 -> 0 | J21: =J19+J20 -> 8 | M21: DF | N21: ハイタックル | Z21: ]
H22: コンテスト率 | J22: =J21/C21 -> 0.57142857
L27: Handling Error
L28: =A30 -> 筑波 | N28: 1st | Q28: 2nd
A29: Possession lost | L29: 大内田 | N29: インターセプト | Q29: 増山 | S29: ノックオン
A30: 筑波 | C30: 1st | E30: 2nd | G30: Total | I30: ％ | L30: 高橋 | N30: ノックオン | Q30: 楢本 | S30: ノックオン
A31: Set | C31: 3 | E31: 1 | G31: =C31+E31 -> 4 | I31: =G31/G37 -> 0.10810811 | L31: 増山 | N31: ノックオン | Q31: 大町 | S31: ノックオン
A32: Ruck & Maul | C32: 1 | E32: 6 | G32: =C32+E32 -> 7 | I32: =G32/G37 -> 0.18918919
A33: Handling Error | C33: 2 | E33: 3 | G33: =C33+E33 -> 5 | I33: =G33/G37 -> 0.13513514
A34: Kick | C34: 15 | E34: 6 | G34: =C34+E34 -> 21 | I34: =G34/G37 -> 0.56756757
A35: Others | C35: 0 | E35: 0 | G35: =C35+E35 -> 0 | I35: =G35/G37 -> 0
G37: =SUM(G31:H35) -> 37
A38: =B1 -> 帝京大学 | C38: 1st | E38: 2nd | G38: Total | I38: ％ | L38: =B1 -> 帝京大学 | N38: 1st | Q38: 2nd
A39: Set | C39: 5 | E39: 0 | G39: =C39+E39 -> 5 | I39: =G39/H44 -> 0.14285714 | N39: ノックオン | S39: ノックオン
A40: Ruck & Maul | C40: 1 | E40: 1 | G40: =C40+E40 -> 2 | I40: =G40/H44 -> 0.057142857 | N40: ノックオン | S40: ノックオン
A41: Handling Error | C41: 2 | E41: 3 | G41: =C41+E41 -> 5 | I41: =G41/H44 -> 0.14285714 | S41: ノックオン
A42: Kick | C42: 11 | E42: 11 | G42: =C42+E42 -> 22 | I42: =G42/H44 -> 0.62857143
A43: Others | C43: 0 | E43: 1 | G43: =C43+E43 -> 1 | I43: =G43/H44 -> 0.028571429
H44: =SUM(G39:H43) -> 35

Sheet Summary 1011_vs_早稲田
D3: 筑波大学 | I3: 13 | K3: - | M3: 29 | O3: 早稲田大学 | U3: 10月11日 | Y3: 大和スポーツセンター競技場 | AC3: 16:00 Kick Off | AG3: 原大雅
D5: Contact AT STATS | U5: Contact DF STATS
D7: Team Stats | U7: Team Stats
D9: ゲイン | J9: 継続 | P9: B2 | U9: タックル | Y9: Defeat | AC9: Contest | AG9: ゲイン
E14: =E17 -> 16 | F14: =G17-E17 -> 33 | K14: =K17 -> 70 | L14: =M17-K17 -> 14 | Q14: =Q17 -> 17 | R14: =S17-Q17 -> 63 | V14: =V17 -> 112 | W14: =X17-V17 -> 32 | Z14: =Z17 -> 13 | AA14: =AB17-Z17 -> 131 | AD14: =AD17 -> 27 | AE14: =AF17-AD17 -> 31 | AH14: =AH17 -> 13 | AI14: =AJ17-AH17 -> 27
D16: =E17/G17 -> 0.32653061 | J16: =K17/M17 -> 0.83333333 | P16: =Q17/S17 -> 0.2125 | U16: =V17/X17 -> 0.77777778 | Y16: =Z17/AB17 -> 0.090277778 | AC16: =AD17/AF17 -> 0.46551724 | AG16: =AH17/AJ17 -> 0.325
D17: 成功 | E17: =J22+M22+P22 -> 16 | F17: 母数 | G17: =J23+M23+P23 -> 49 | J17: 成功 | K17: =J26+M26+P26+S26 -> 70 | L17: 母数 | M17: =J27+M27+P27+S27 -> 84 | P17: 成功 | Q17: 17 | R17: 母数 | S17: 80 | U17: 成功 | V17: ='Individual DF 1011_vs_早稲田'!K34+'Individual DF 1011_vs_早稲田'!L34+'Individual DF 1011_vs_早稲田'!T34+'Individual DF 1011_vs_早稲田'!U34 -> 112 | W17: 母数 | X17: ='Individual DF 1011_vs_早稲田'!G34 -> 144 | Y17: 成功 | Z17: ='Individual DF 1011_vs_早稲田'!K34+'Individual DF 1011_vs_早稲田'!T34 -> 13 | AA17: 母数 | AB17: ='Individual DF 1011_vs_早稲田'!G34 -> 144 | AC17: 成功 | AD17: 27 | AE17: 母数 | AF17: 58 | AG17: 成功 | AH17: 13 | AI17: 母数 | AJ17: 40
D19: Detail Stats | U19: Detail Stats
D21: ゲイン | H21: 9Shape | K21: 10Shape | N21: LineAttack | Q21: Line Atatack(1phase) | U21: タックル | Y21: FW | AB21: BK
G22: 成功 | H22: =J22/J23 -> 0.26470588 | J22: 9 | K22: =M22/M23 -> 1 | M22: 2 | N22: =P22/P23 -> 0.38461538 | P22: 5 | Q22: ー | S22: - | X22: 成功 | Y22: =AA22/AA23 -> 0.82278481 | AA22: ='Individual DF 1011_vs_早稲田'!K32+'Individual DF 1011_vs_早稲田'!L32+'Individual DF 1011_vs_早稲田'!T32+'Individual DF 1011_vs_早稲田'!U32 -> 65 | AB22: =AD22/AD23 -> 0.72307692 | AD22: ='Individual DF 1011_vs_早稲田'!K33+'Individual DF 1011_vs_早稲田'!L33+'Individual DF 1011_vs_早稲田'!T33+'Individual DF 1011_vs_早稲田'!U33 -> 47
G23: 母数 | J23: 34 | M23: 2 | P23: 13 | S23: - | X23: 母数 | AA23: ='Individual DF 1011_vs_早稲田'!G32 -> 79 | AD23: ='Individual DF 1011_vs_早稲田'!G33 -> 65
D25: 継続 | H25: 9Shape | K25: 10Shape | N25: LineAttack | Q25: Line Atatack(1phase) | U25: Defeat | Y25: FW | AB25: BK
G26: 成功 | H26: =J26/J27 -> 0.88235294 | J26: 30 | K26: =M26/M27 -> 1 | M26: 2 | N26: =P26/P27 -> 0.76923077 | P26: 10 | Q26: =S26/S27 -> 0.8 | S26: 28 | X26: 成功 | Y26: =AA26/AA27 -> 0.063291139 | AA26: ='Individual DF 1011_vs_早稲田'!K32+'Individual DF 1011_vs_早稲田'!T32 -> 5 | AB26: =AD26/AD27 -> 0.12307692 | AD26: ='Individual DF 1011_vs_早稲田'!K33+'Individual DF 1011_vs_早稲田'!T33 -> 8
G27: 母数 | J27: 34 | M27: 2 | P27: 13 | S27: 35 | X27: 母数 | AA27: ='Individual DF 1011_vs_早稲田'!G32 -> 79 | AD27: ='Individual DF 1011_vs_早稲田'!G33 -> 65
D29: B2,3 | H29: B3 | K29: B2 | N29: - | Q29: -
G30: 成功 | H30: =J30/J31 -> 0.5375 | J30: 43 | K30: =M30/M31 -> 0.2125 | M30: 17 | N30: - | P30: - | Q30: - | S30: -
G31: 母数 | J31: 80 | M31: 80 | P31: - | S31: -
D34: Set Play Stats
D36: SC Stats | U36: LO Stats
D38: SC | L38: SC マイボールキープ率 | U38: LO | AC38: LO マイボールキープ率
H39: =D3 -> 筑波大学 | J39: ='Set 1011_vs_早稲田'!C7 -> 11 | L39: =D3 -> 筑波大学 | P39: =O3 -> 早稲田大学 | Y39: =D3 -> 筑波大学 | AA39: ='Set 1011_vs_早稲田'!C11 -> 9 | AC39: =D3 -> 筑波大学 | AG39: =O3 -> 早稲田大学
L41: ='Set 1011_vs_早稲田'!D7 -> 0.90909091 | P41: ='Set 1011_vs_早稲田'!D17 -> 1 | AC41: ='Set 1011_vs_早稲田'!D11 -> 0.88888889 | AG41: ='Set 1011_vs_早稲田'!D21 -> 0.63636364
H42: =O3 -> 早稲田大学 | J42: ='Set 1011_vs_早稲田'!C17 -> 9 | Y42: =O3 -> 早稲田大学 | AA42: ='Set 1011_vs_早稲田'!C21 -> 11
E43: =J39 -> 11 | F43: =J42 -> 9 | V43: =AA39 -> 9 | W43: =AA42 -> 11
H45: Total | J45: =J39+J42 -> 20 | Y45: Total | AA45: =AA39+AA42 -> 20
D46: =J39/J45 -> 0.55 | U46: =AA39/AA45 -> 0.45

Sheet Individual DF 1011_vs_早稲田
B2: vs | C2: ='Summary 1011_vs_早稲田'!O3 -> 早稲田大学 | F2: Individual DF Stats | V2: 分析担当 | Z2: Tackle | AB2: 中矢陸
B4: Team Stats | E4: 総タックル | H4: =G34 -> 144 | J4: Defeat成功率 | M4: =(K34+T34)/G34 -> 0.090277778 | O4: タックル成功率 | R4: =SUM(K34:L34,T34:U34)/G34 -> 0.77777778 | U4: リアクション | X4: 1st | AA4: =SUM(O34:P34)/SUM(K34:L34) -> 0.51428571 | AB4: Assist | AE4: =SUM(X32:Y32)/SUM(T32:U32) -> 0.51851852
I6: 1st Tackle | N6: 1st Tackle Reaction | R6: Assist Tackle | W6: Assist Tackle Reaction | AA6: BD Works
D7: 出場時間 | E7: プレー総数 | F7: プレー換算値 | G7: タックル数 | H7: ％ | I7: 合計 | J7: ％ | K7: ◎ Defeat | L7: ○ 倒す | M7: × 失敗 | N7: % | O7: ファイト | P7: リロード | Q7: × | R7: 合計 | S7: ％ | T7: ◎ Defeat | U7: ○ 倒す | V7: × 失敗 | W7: % | X7: ファイト | Y7: リロード | Z7: × | AA7: 合計 | AB7: % | AC7: Jackal,Jerk | AD7: Pressure | AE7: BD Work × | AF7: 選手名
B8: 1 | C8: 小澤一誠 | D8: 72 | E8: =G8+AA8+'Individual AT 1011_vs_早稲田'!G8+'Individual AT 1011_vs_早稲田'!N8 -> 33 | F8: =IFERROR(E8/D8*80,"-") -> 36.666667 | G8: =I8+R8 -> 12 | H8: =IFERROR((K8+L8+T8+U8)/G8,"-") -> 0.75 | I8: =SUM(K8:M8) -> 7 | J8: =IFERROR((K8+L8)/I8,"-") -> 0.85714286 | K8: 0 | L8: 6 | M8: 1 | N8: =IFERROR((O8+P8)/I8,"-") -> 0.28571429 | O8: 0 | P8: 2 | Q8: 4 | R8: =SUM(T8:V8) -> 5 | S8: =IFERROR((T8+U8)/R8,"-") -> 0.6 | T8: 0 | U8: 3 | V8: 2 | W8: =IFERROR((X8+Y8)/R8,"-") -> 0.2 | X8: 1 | Y8: 0 | Z8: 2 | AA8: 0 | AB8: =IFERROR((AC8+AD8)/AA8,"-") -> - | AC8: 0 | AD8: 1 | AE8: 0 | AF8: =C8 -> 小澤一誠
B9: 2 | C9: 前川陽来 | D9: 61 | E9: =G9+AA9+'Individual AT 1011_vs_早稲田'!G9+'Individual AT 1011_vs_早稲田'!N9 -> 33 | F9: =IFERROR(E9/D9*80,"-") -> 43.278689 | G9: =I9+R9 -> 10 | H9: =IFERROR((K9+L9+T9+U9)/G9,"-") -> 0.9 | I9: =SUM(K9:M9) -> 5 | J9: =IFERROR((K9+L9)/I9,"-") -> 0.8 | K9: 0 | L9: 4 | M9: 1 | N9: =IFERROR((O9+P9)/I9,"-") -> 0.2 | O9: 0 | P9: 1 | Q9: 3 | R9: =SUM(T9:V9) -> 5 | S9: =IFERROR((T9+U9)/R9,"-") -> 1 | T9: 1 | U9: 4 | V9: 0 | W9: =IFERROR((X9+Y9)/R9,"-") -> 0.8 | X9: 3 | Y9: 1 | Z9: 1 | AA9: =SUM(AC9:AE9) -> 4 | AB9: =IFERROR((AC9+AD9)/AA9,"-") -> 0.75 | AC9: 0 | AD9: 3 | AE9: 1 | AF9: =C9 -> 前川陽来
B10: 3 | C10: 茨木海斗 | D10: 72 | E10: =G10+AA10+'Individual AT 1011_vs_早稲田'!G10+'Individual AT 1011_vs_早稲田'!N10 -> 29 | F10: =IFERROR(E10/D10*80,"-") -> 32.222222 | G10: =I10+R10 -> 9 | H10: =IFERROR((K10+L10+T10+U10)/G10,"-") -> 0.77777778 | I10: =SUM(K10:M10) -> 6 | J10: =IFERROR((K10+L10)/I10,"-") -> 0.66666667 | K10: 0 | L10: 4 | M10: 2 | N10: =IFERROR((O10+P10)/I10,"-") -> 0.16666667 | O10: 0 | P10: 1 | Q10: 3 | R10: =SUM(T10:V10) -> 3 | S10: =IFERROR((T10+U10)/R10,"-") -> 1 | T10: 1 | U10: 2 | V10: 0 | W10: =IFERROR((X10+Y10)/R10,"-") -> 0.33333333 | X10: 1 | Y10: 0 | Z10: 2 | AA10: =SUM(AC10:AE10) -> 5 | AB10: =IFERROR((AC10+AD10)/AA10,"-") -> 0.6 | AC10: 0 | AD10: 3 | AE10: 2 | AF10: =C10 -> 茨木海斗
B11: 4 | C11: 磯部俊太朗 | D11: 81 | E11: =G11+AA11+'Individual AT 1011_vs_早稲田'!G11+'Individual AT 1011_vs_早稲田'!N11 -> 44 | F11: =IFERROR(E11/D11*80,"-") -> 43.45679 | G11: =I11+R11 -> 7 | H11: =IFERROR((K11+L11+T11+U11)/G11,"-") -> 1 | I11: =SUM(K11:M11) -> 4 | J11: =IFERROR((K11+L11)/I11,"-") -> 1 | K11: 0 | L11: 4 | M11: 0 | N11: =IFERROR((O11+P11)/I11,"-") -> 0.25 | O11: 0 | P11: 1 | Q11: 3 | R11: =SUM(T11:V11) -> 3 | S11: =IFERROR((T11+U11)/R11,"-") -> 1 | T11: 0 | U11: 3 | V11: 0 | W11: =IFERROR((X11+Y11)/R11,"-") -> 0.66666667 | X11: 1 | Y11: 1 | Z11: 1 | AA11: =SUM(AC11:AE11) -> 2 | AB11: =IFERROR((AC11+AD11)/AA11,"-") -> 0.5 | AC11: 0 | AD11: 1 | AE11: 1 | AF11: =C11 -> 磯部俊太朗
B12: 5 | C12: 白丸智乃祐 | D12: 81 | E12: =G12+AA12+'Individual AT 1011_vs_早稲田'!G12+'Individual AT 1011_vs_早稲田'!N12 -> 29 | F12: =IFERROR(E12/D12*80,"-") -> 28.641975 | G12: =I12+R12 -> 8 | H12: =IFERROR((K12+L12+T12+U12)/G12,"-") -> 0.875 | I12: =SUM(K12:M12) -> 5 | J12: =IFERROR((K12+L12)/I12,"-") -> 0.8 | K12: 0 | L12: 4 | M12: 1 | N12: =IFERROR((O12+P12)/I12,"-") -> 0.6 | O12: 1 | P12: 2 | Q12: 1 | R12: =SUM(T12:V12) -> 3 | S12: =IFERROR((T12+U12)/R12,"-") -> 1 | T12: 1 | U12: 2 | V12: 0 | W12: =IFERROR((X12+Y12)/R12,"-") -> 0.66666667 | X12: 0 | Y12: 2 | Z12: 1 | AA12: =SUM(AC12:AE12) -> 2 | AB12: =IFERROR((AC12+AD12)/AA12,"-") -> 0.5 | AC12: 0 | AD12: 1 | AE12: 1 | AF12: =C12 -> 白丸智乃祐
B13: 6 | C13: 茨木颯 | D13: 49 | E13: =G13+AA13+'Individual AT 1011_vs_早稲田'!G13+'Individual AT 1011_vs_早稲田'!N13 -> 18 | F13: =IFERROR(E13/D13*80,"-") -> 29.387755 | G13: =I13+R13 -> 7 | H13: =IFERROR((K13+L13+T13+U13)/G13,"-") -> 0.85714286 | I13: =SUM(K13:M13) -> 5 | J13: =IFERROR((K13+L13)/I13,"-") -> 0.8 | K13: 0 | L13: 4 | M13: 1 | N13: =IFERROR((O13+P13)/I13,"-") -> 0.6 | O13: 0 | P13: 3 | Q13: 1 | R13: =SUM(T13:V13) -> 2 | S13: =IFERROR((T13+U13)/R13,"-") -> 1 | T13: 0 | U13: 2 | V13: 0 | W13: =IFERROR((X13+Y13)/R13,"-") -> 0.5 | X13: 0 | Y13: 1 | Z13: 1 | AA13: =SUM(AC13:AE13) -> 1 | AB13: =IFERROR((AC13+AD13)/AA13,"-") -> 1 | AC13: 0 | AD13: 1 | AE13: 0 | AF13: =C13 -> 茨木颯
B14: 7 | C14: 中森真翔 | D14: 81 | E14: =G14+AA14+'Individual AT 1011_vs_早稲田'!G14+'Individual AT 1011_vs_早稲田'!N14 -> 25 | F14: =IFERROR(E14/D14*80,"-") -> 24.691358 | G14: =I14+R14 -> 11 | H14: =IFERROR((K14+L14+T14+U14)/G14,"-") -> 0.72727273 | I14: =SUM(K14:M14) -> 8 | J14: =IFERROR((K14+L14)/I14,"-") -> 0.75 | K14: 1 | L14: 5 | M14: 2 | N14: =IFERROR((O14+P14)/I14,"-") -> 0.375 | O14: 1 | P14: 2 | Q14: 3 | R14: =SUM(T14:V14) -> 3 | S14: =IFERROR((T14+U14)/R14,"-") -> 0.66666667 | T14: 0 | U14: 2 | V14: 1 | W14: =IFERROR((X14+Y14)/R14,"-") -> 0.33333333 | X14: 0 | Y14: 1 | Z14: 1 | AA14: =SUM(AC14:AE14) -> 1 | AB14: =IFERROR((AC14+AD14)/AA14,"-") -> 0 | AC14: 0 | AD14: 0 | AE14: 1 | AF14: =C14 -> 中森真翔
B15: 8 | C15: 大町尚生 | D15: 78 | E15: =G15+AA15+'Individual AT 1011_vs_早稲田'!G15+'Individual AT 1011_vs_早稲田'!N15 -> 30 | F15: =IFERROR(E15/D15*80,"-") -> 30.769231 | G15: =I15+R15 -> 6 | H15: =IFERROR((K15+L15+T15+U15)/G15,"-") -> 1 | I15: =SUM(K15:M15) -> 2 | J15: =IFERROR((K15+L15)/I15,"-") -> 1 | K15: 0 | L15: 2 | M15: 0 | N15: =IFERROR((O15+P15)/I15,"-") -> 0 | O15: 0 | P15: 0 | Q15: 2 | R15: =SUM(T15:V15) -> 4 | S15: =IFERROR((T15+U15)/R15,"-") -> 1 | T15: 0 | U15: 4 | V15: 0 | W15: =IFERROR((X15+Y15)/R15,"-") -> 0.25 | X15: 0 | Y15: 1 | Z15: 3 | AA15: =SUM(AC15:AE15) -> 0 | AB15: =IFERROR((AC15+AD15)/AA15,"-") -> - | AC15: 0 | AD15: 0 | AE15: 0 | AF15: =C15 -> 大町尚生
B16: 9 | C16: 高橋佑太朗 | D16: 78 | E16: =G16+AA16+'Individual AT 1011_vs_早稲田'!G16+'Individual AT 1011_vs_早稲田'!N16 -> 15 | F16: =IFERROR(E16/D16*80,"-") -> 15.384615 | G16: =I16+R16 -> 11 | H16: =IFERROR((K16+L16+T16+U16)/G16,"-") -> 0.54545455 | I16: =SUM(K16:M16) -> 10 | J16: =IFERROR((K16+L16)/I16,"-") -> 0.6 | K16: 0 | L16: 6 | M16: 4 | N16: =IFERROR((O16+P16)/I16,"-") -> 0.2 | O16: 0 | P16: 2 | Q16: 4 | R16: =SUM(T16:V16) -> 1 | S16: =IFERROR((T16+U16)/R16,"-") -> 0 | T16: 0 | U16: 0 | V16: 1 | W16: =IFERROR((X16+Y16)/R16,"-") -> 0 | X16: 0 | Y16: 0 | Z16: 0 | AA16: =SUM(AC16:AE16) -> 1 | AB16: =IFERROR((AC16+AD16)/AA16,"-") -> 0 | AC16: 0 | AD16: 0 | AE16: 1 | AF16: =C16 -> 高橋佑太朗
B17: 10 | C17: 楢本幹志朗 | D17: 81 | E17: =G17+AA17+'Individual AT 1011_vs_早稲田'!G17+'Individual AT 1011_vs_早稲田'!N17 -> 7 | F17: =IFERROR(E17/D17*80,"-") -> 6.9135802 | G17: =I17+R17 -> 3 | H17: =IFERROR((K17+L17+T17+U17)/G17,"-") -> 1 | I17: =SUM(K17:M17) -> 3 | J17: =IFERROR((K17+L17)/I17,"-") -> 1 | K17: 0 | L17: 3 | M17: 0 | N17: =IFERROR((O17+P17)/I17,"-") -> 0.66666667 | O17: 0 | P17: 2 | Q17: 1 | R17: =SUM(T17:V17) -> 0 | S17: =IFERROR((T17+U17)/R17,"-") -> - | T17: 0 | U17: 0 | V17: 0 | W17: =IFERROR((X17+Y17)/R17,"-") -> - | X17: 0 | Y17: 0 | Z17: 0 | AA17: =SUM(AC17:AE17) -> 0 | AB17: =IFERROR((AC17+AD17)/AA17,"-") -> - | AC17: 0 | AD17: 0 | AE17: 0 | AF17: =C17 -> 楢本幹志朗
B18: 11 | C18: 飯岡建人 | D18: 77 | E18: =G18+AA18+'Individual AT 1011_vs_早稲田'!G18+'Individual AT 1011_vs_早稲田'!N18 -> 26 | F18: =IFERROR(E18/D18*80,"-") -> 27.012987 | G18: =I18+R18 -> 9 | H18: =IFERROR((K18+L18+T18+U18)/G18,"-") -> 1 | I18: =SUM(K18:M18) -> 7 | J18: =IFERROR((K18+L18)/I18,"-") -> 1 | K18: 1 | L18: 6 | M18: 0 | N18: =IFERROR((O18+P18)/I18,"-") -> 0.42857143 | O18: 0 | P18: 3 | Q18: 4 | R18: =SUM(T18:V18) -> 2 | S18: =IFERROR((T18+U18)/R18,"-") -> 1 | T18: 0 | U18: 2 | V18: 0 | W18: =IFERROR((X18+Y18)/R18,"-") -> 1 | X18: 2 | Y18: 0 | Z18: 0 | AA18: =SUM(AC18:AE18) -> 0 | AB18: =IFERROR((AC18+AD18)/AA18,"-") -> - | AC18: 0 | AD18: 0 | AE18: 0 | AF18: =C18 -> 飯岡建人
B19: 12 | C19: 今村颯汰 | D19: 61 | E19: =G19+AA19+'Individual AT 1011_vs_早稲田'!G19+'Individual AT 1011_vs_早稲田'!N19 -> 33 | F19: =IFERROR(E19/D19*80,"-") -> 43.278689 | G19: =I19+R19 -> 11 | H19: =IFERROR((K19+L19+T19+U19)/G19,"-") -> 0.54545455 | I19: =SUM(K19:M19) -> 7 | J19: =IFERROR((K19+L19)/I19,"-") -> 0.28571429 | K19: 1 | L19: 1 | M19: 5 | N19: =IFERROR((O19+P19)/I19,"-") -> 0.28571429 | O19: 0 | P19: 2 | Q19: 0 | R19: =SUM(T19:V19) -> 4 | S19: =IFERROR((T19+U19)/R19,"-") -> 1 | T19: 1 | U19: 3 | V19: 0 | W19: =IFERROR((X19+Y19)/R19,"-") -> 0.5 | X19: 1 | Y19: 1 | Z19: 2 | AA19: =SUM(AC19:AE19) -> 0 | AB19: =IFERROR((AC19+AD19)/AA19,"-") -> - | AC19: 0 | AD19: 0 | AE19: 0 | AF19: =C19 -> 今村颯汰
B20: 13 | C20: 東島和哉 | D20: 81 | E20: =G20+AA20+'Individual AT 1011_vs_早稲田'!G20+'Individual AT 1011_vs_早稲田'!N20 -> 20 | F20: =IFERROR(E20/D20*80,"-") -> 19.753086 | G20: =I20+R20 -> 10 | H20: =IFERROR((K20+L20+T20+U20)/G20,"-") -> 0.8 | I20: =SUM(K20:M20) -> 5 | J20: =IFERROR((K20+L20)/I20,"-") -> 0.6 | K20: 0 | L20: 3 | M20: 2 | N20: =IFERROR((O20+P20)/I20,"-") -> 0.4 | O20: 0 | P20: 2 | Q20: 1 | R20: =SUM(T20:V20) -> 5 | S20: =IFERROR((T20+U20)/R20,"-") -> 1 | T20: 1 | U20: 4 | V20: 0 | W20: =IFERROR((X20+Y20)/R20,"-") -> 0.6 | X20: 0 | Y20: 3 | Z20: 2 | AA20: =SUM(AC20:AE20) -> 0 | AB20: =IFERROR((AC20+AD20)/AA20,"-") -> - | AC20: 0 | AD20: 0 | AE20: 0 | AF20: =C20 -> 東島和哉
... B30: 23 | C30: 大内田陽冬 | D30: 20 | E30: =G30+AA30+'Individual AT 1011_vs_早稲田'!G30+'Individual AT 1011_vs_早稲田'!N30 -> 7 | F30: =IFERROR(E30/D30*80,"-") -> 28 | G30: =I30+R30 -> 3 | H30: =IFERROR((K30+L30+T30+U30)/G30,"-") -> 1 | I30: =SUM(K30:M30) -> 1 | J30: =IFERROR((K30+L30)/I30,"-") -> 1 | K30: 1 | L30: 0 | M30: 0 | N30: =IFERROR((O30+P30)/I30,"-") -> 1 | O30: 0 | P30: 1 | Q30: 0 | R30: =SUM(T30:V30) -> 2 | S30: =IFERROR((T30+U30)/R30,"-") -> 1 | T30: 0 | U30: 2 | V30: 0 | W30: =IFERROR((X30+Y30)/R30,"-") -> 1 | X30: 2 | Y30: 0 | Z30: 0 | AA30: =SUM(AC30:AE30) -> 0 | AB30: =IFERROR((AC30+AD30)/AA30,"-") -> - | AC30: 0 | AD30: 0 | AE30: 0 | AF30: =C30 -> 大内田陽冬
B32: FW Total | G32: =SUM(G8:G15,G23:G27) -> 79 | I32: =SUM(I8:I15,I23:I27) -> 48 | J32: =SUM(K32:L32)/I32 -> 0.79166667 | K32: =SUM(K8:K15,K23:K27) -> 1 | L32: =SUM(L8:L15,L23:L27) -> 37 | M32: =SUM(M8:M15,M23:M27) -> 10 | N32: =SUM(O32:P32)/I32 -> 0.33333333 | O32: =SUM(O8:O15,O23:O27) -> 3 | P32: =SUM(P8:P15,P23:P27) -> 13 | Q32: =SUM(Q8:Q15,Q23:Q27) -> 22 | R32: =SUM(R8:R15,R23:R27) -> 31 | S32: =SUM(T32:U32)/R32 -> 0.87096774 | T32: =SUM(T8:T15,T23:T27) -> 4 | U32: =SUM(U8:U15,U23:U27) -> 23 | V32: =SUM(V8:V15,V23:V27) -> 4 | W32: =SUM(X32:Y32)/SUM(X32:Z32) -> 0.51851852 | X32: =SUM(X8:X15,X23:X27) -> 6 | Y32: =SUM(Y8:Y15,Y23:Y27) -> 8 | Z32: =SUM(Z8:Z15,Z23:Z27) -> 13 | AA32: =SUM(AA8:AA15,AA23:AA27) -> 19 | AB32: =SUM(AC32:AD32)/SUM(AC32:AE32) -> 0.65 | AC32: =SUM(AC8:AC15,AC23:AC27) -> 0 | AD32: =SUM(AD8:AD15,AD23:AD27) -> 13 | AE32: =SUM(AE8:AE15,AE23:AE27) -> 7 | AF32: FW Total
B33: BK Total | G33: =SUM(G16:G22,G28:G30) -> 65 | I33: =SUM(I16:I22,I28:I30) -> 48 | J33: =SUM(K33:L33)/I33 -> 0.66666667 | K33: =SUM(K16:K22,K28:K30) -> 6 | L33: =SUM(L16:L22,L28:L30) -> 26 | M33: =SUM(M16:M22,M28:M30) -> 16 | N33: =SUM(O33:P33)/I33 -> 0.41666667 | O33: =SUM(O16:O22,O28:O30) -> 0 | P33: =SUM(P16:P22,P28:P30) -> 20 | Q33: =SUM(Q16:Q22,Q28:Q30) -> 12 | R33: =SUM(R16:R22,R28:R30) -> 17 | S33: =SUM(T33:U33)/R33 -> 0.88235294 | T33: =SUM(T16:T22,T28:T30) -> 2 | U33: =SUM(U16:U22,U28:U30) -> 13 | V33: =SUM(V16:V22,V28:V30) -> 2 | W33: =SUM(X33:Y33)/SUM(X33:Z33) -> 0.66666667 | X33: =SUM(X16:X22,X28:X30) -> 6 | Y33: =SUM(Y16:Y22,Y28:Y30) -> 4 | Z33: =SUM(Z16:Z22,Z28:Z30) -> 5 | AA33: =SUM(AA16:AA22,AA28:AA30) -> 2 | AB33: =SUM(AC33:AD33)/SUM(AC33:AE33) -> 0.5 | AC33: =SUM(AC16:AC22,AC28:AC30) -> 0 | AD33: =SUM(AD16:AD22,AD28:AD30) -> 1 | AE33: =SUM(AE16:AE22,AE28:AE30) -> 1 | AF33: BK Total
B34: Team Total | G34: =SUM(G8:G30) -> 144 | I34: =SUM(I8:I30) -> 96 | J34: =SUM(K34:L34)/I34 -> 0.72916667 | K34: =SUM(K8:K30) -> 7 | L34: =SUM(L8:L30) -> 63 | M34: =SUM(M8:M30) -> 26 | N34: =SUM(O34:P34)/I34 -> 0.375 | O34: =SUM(O8:O30) -> 3 | P34: =SUM(P8:P30) -> 33 | Q34: =SUM(Q8:Q30) -> 34 | R34: =SUM(R8:R30) -> 48 | S34: =SUM(T34:U34)/R34 -> 0.875 | T34: =SUM(T8:T30) -> 6 | U34: =SUM(U8:U30) -> 36 | V34: =SUM(V8:V30) -> 6 | W34: =SUM(X34:Y34)/SUM(X34:Z34) -> 0.57142857 | X34: =SUM(X8:X30) -> 12 | Y34: =SUM(Y8:Y30) -> 12 | Z34: =SUM(Z8:Z30) -> 18 | AA34: =SUM(AA8:AA30) -> 21 | AB34: =SUM(AC34:AD34)/SUM(AC34:AE34) -> 0.63636364 | AC34: =SUM(AC8:AC30) -> 0 | AD34: =SUM(AD8:AD30) -> 14 | AE34: =SUM(AE8:AE30) -> 8 | AF34: Team Total
B35: Team Average | G35: =AVERAGE(G8:G30) -> 6.2608696 | I35: =AVERAGE(I8:I30) -> 4.173913 | K35: =AVERAGE(K8:K30) -> 0.30434783 | L35: =AVERAGE(L8:L30) -> 2.7391304 | M35: =AVERAGE(M8:M30) -> 1.1304348 | O35: =AVERAGE(O8:O30) -> 0.13043478 | P35: =AVERAGE(P8:P30) -> 1.4347826 | Q35: =AVERAGE(Q8:Q30) -> 1.4782609 | R35: =AVERAGE(R8:R30) -> 2.0869565 | T35: =AVERAGE(T8:T30) -> 0.26086957 | U35: =AVERAGE(U8:U30) -> 1.5652174 | V35: =AVERAGE(V8:V30) -> 0.26086957 | X35: =AVERAGE(X8:X30) -> 0.52173913 | Y35: =AVERAGE(Y8:Y30) -> 0.52173913 | Z35: =AVERAGE(Z8:Z30) -> 0.7826087 | AA35: =AVERAGE(AA8:AA30) -> 0.91304348 | AC35: =AVERAGE(AC8:AC30) -> 0 | AD35: =AVERAGE(AD8:AD30) -> 0.60869565 | AE35: =AVERAGE(AE8:AE30) -> 0.34782609 | AF35: Team Average

Sheet Individual AT 1011_vs_早稲田
B2: vs | C2: ='Summary 1011_vs_早稲田'!O3 -> 早稲田大学 | F2: Individual AT Stats | O2: 分析担当 | S2: 表 | Y2: B2,3 | AA2: 中矢陸
B4: Team Stats | E4: Body Ball Control | J4: =H34 -> 0.83516484 | N4: Support | R4: =O34 -> 0.90710383 | U4: B3 | X4: =T34 -> 0.7254902 | Z4: B2 | AC4: =Z34 -> 0.4745098
G6: Carrier Contact | N6: Support | S6: B3 | Y6: B2
D7: 出場時間 | E7: プレー総数 | F7: プレー換算値 | G7: 合計 | H7: Good/Stay ％ | I7: BB% | J7: Gain◎ | K7: Stay○ | L7: 後退△ | M7: Lost× | N7: 合計 | O7: ％ | P7: EXELLENT◎ | Q7: GOOD○ | R7: BAD× | S7: 合計 | T7: ％ | U7: Carrier○ | V7: Carrier× | W7: Support○ | X7: Support× | Y7: 合計 | Z7: ％ | AA7: Carrier○ | AB7: Carrier× | AC7: Support○ | AD7: Support× | AE7: 選手名
B8: 1 | C8: ='Individual DF 1011_vs_早稲田'!C8 -> 小澤一誠 | D8: ='Individual DF 1011_vs_早稲田'!D8 -> 72 | E8: ='Individual DF 1011_vs_早稲田'!E8 -> 33 | F8: ='Individual DF 1011_vs_早稲田'!F8 -> 36.666667 | G8: =SUM(J8:M8) -> 7 | H8: =IFERROR((J8+K8)/SUM(J8:M8),"-") -> 0.85714286 | I8: =IFERROR(SUM(J8:L8)/SUM(J8:M8),"-") -> 0.85714286 | J8: 0 | K8: 6 | L8: 0 | M8: 1 | N8: =SUM(P8:R8) -> 14 | O8: =IFERROR((P8+Q8)/N8,"-") -> 1 | P8: 0 | Q8: 14 | R8: 0 | S8: =SUM(U8:X8) -> 21 | T8: =IFERROR((U8+W8)/S8,"-") -> 0.85714286 | U8: 5 | V8: 2 | W8: 13 | X8: 1 | Y8: =SUM(AA8:AD8) -> 21 | Z8: =IFERROR((AA8+AC8)/Y8,"-") -> 0.47619048 | AA8: 3 | AB8: 4 | AC8: 7 | AD8: 7 | AE8: =C8 -> 小澤一誠
B9: 2 | C9: ='Individual DF 1011_vs_早稲田'!C9 -> 前川陽来 | D9: ='Individual DF 1011_vs_早稲田'!D9 -> 61 | E9: ='Individual DF 1011_vs_早稲田'!E9 -> 33 | F9: ='Individual DF 1011_vs_早稲田'!F9 -> 43.278689 | G9: =SUM(J9:M9) -> 6 | H9: =IFERROR((J9+K9)/SUM(J9:M9),"-") -> 0.66666667 | I9: =IFERROR(SUM(J9:L9)/SUM(J9:M9),"-") -> 0.83333333 | J9: 1 | K9: 3 | L9: 1 | M9: 1 | N9: =SUM(P9:R9) -> 13 | O9: =IFERROR((P9+Q9)/N9,"-") -> 0.84615385 | P9: 1 | Q9: 10 | R9: 2 | S9: =SUM(U9:X9) -> 17 | T9: =IFERROR((U9+W9)/S9,"-") -> 0.70588235 | U9: 1 | V9: 3 | W9: 11 | X9: 2 | Y9: =SUM(AA9:AD9) -> 17 | Z9: =IFERROR((AA9+AC9)/Y9,"-") -> 0.47058824 | AA9: 0 | AB9: 4 | AC9: 8 | AD9: 5 | AE9: =C9 -> 前川陽来
B10: 3 | C10: ='Individual DF 1011_vs_早稲田'!C10 -> 茨木海斗 | D10: ='Individual DF 1011_vs_早稲田'!D10 -> 72 | E10: ='Individual DF 1011_vs_早稲田'!E10 -> 29 | F10: ='Individual DF 1011_vs_早稲田'!F10 -> 32.222222 | G10: =SUM(J10:M10) -> 3 | H10: =IFERROR((J10+K10)/SUM(J10:M10),"-") -> 1 | I10: =IFERROR(SUM(J10:L10)/SUM(J10:M10),"-") -> 1 | J10: 0 | K10: 3 | L10: 0 | M10: 0 | N10: =SUM(P10:R10) -> 12 | O10: =IFERROR((P10+Q10)/N10,"-") -> 0.91666667 | P10: 0 | Q10: 11 | R10: 1 | S10: =SUM(U10:X10) -> 14 | T10: =IFERROR((U10+W10)/S10,"-") -> 0.71428571 | U10: 1 | V10: 2 | W10: 9 | X10: 2 | Y10: =SUM(AA10:AD10) -> 14 | Z10: =IFERROR((AA10+AC10)/Y10,"-") -> 0.42857143 | AA10: 0 | AB10: 3 | AC10: 6 | AD10: 5 | AE10: =C10 -> 茨木海斗
